UID,SITE_ID,YEAR,VISIT_NO,DATE_COL,SITETYPE,LAT_DD83,LON_DD83,AG_ECO9_NM,PSTL_CODE,INDEX_VISIT,L_XFC_NAT,LRBS_USE,W1_HALL,L_XCMGW
1002013,KSRS-1288,2013,1,4/30/2013,PROB,39.12843,-95.65402,Temperate Plains,KS,Y,-0.55923399,-2.989239387,1.606086364,-0.128374001
1002014,AZR9-0903,2013,1,5/6/2013,PROB,32.40882,-111.1606,Xeric,AZ,Y,-0.663904301,-1.823081846,2.803054545,-0.616511048
1002015,AZSS-1115,2013,1,5/7/2013,PROB,34.33749,-111.0138,Western Mountains,AZ,Y,-0.520254601,-0.663123451,0.272727273,0.074965965
1002016,KSR9-0910,2013,1,5/6/2013,PROB,39.49523,-97.2319,Southern Plains,KS,Y,-0.677780705,-2.018163888,0.446986364,-0.167200881
1002017,AZLS-1055,2013,1,5/8/2013,PROB,34.86995,-112.0693,Western Mountains,AZ,Y,-0.654550864,-1.13080704,0.115384615,0.144154918
1002018,KSRS-1270,2013,1,5/13/2013,PROB,37.17128,-96.84909,Temperate Plains,KS,Y,-0.706938935,-0.746204532,0.878804545,-0.197226275
1002019,KSS9-0933,2013,1,5/14/2013,PROB,37.84409,-96.85665,Temperate Plains,KS,Y,-0.673105801,-1.129487929,1.121254545,-0.134384632
1002020,AZR9-0903,2013,2,5/20/2013,PROB,32.40882,-111.1606,Xeric,AZ,N,-0.452001662,0.460711042,1.840945455,-0.59462259
1002021,KYRM-1006,2013,1,5/21/2013,PROB,38.51354,-85.02908,Southern Appalachians,KY,Y,-0.738196627,,0.181818182,0.147816804
1002022,KSR9-0902,2013,1,5/21/2013,PROB,37.8236,-97.46279,Southern Plains,KS,Y,-0.710978911,-2.340706521,1.111114286,-0.090298128
1002023,KYRM-1002,2013,1,5/22/2013,PROB,38.68588,-85.17831,Southern Appalachians,KY,Y,-1.333822512,,2.557218095,-0.092153743
1002024,GAS9-0921,2013,1,5/21/2013,PROB,34.42898,-82.90528,Southern Appalachians,GA,Y,-0.129702526,-1.617704328,0.090913636,0.107694403
1002025,GAS9-0915,2013,1,5/23/2013,PROB,33.92673,-85.05046,Southern Appalachians,GA,Y,-0.03664153,-1.501130284,1.5,0.018265381
1002026,PARM-1005,2013,1,5/29/2013,PROB,40.59864,-79.75119,Southern Appalachians,PA,Y,-0.475676014,,2.443305051,-0.098269308
1002027,OHRM-1002,2013,1,5/28/2013,PROB,40.14887,-80.70356,Southern Appalachians,OH,Y,-0.619788758,1.123265766,1.894,-0.068958408
1002028,PARM-1001,2013,1,5/29/2013,PROB,40.76001,-79.54689,Southern Appalachians,PA,Y,-0.483885483,,1.319670346,-0.066075785
1002029,NJS9-0908,2013,1,6/2/2013,PROB,41.04212,-74.0473,Southern Appalachians,NJ,Y,-0.037716783,-0.178907451,5.740994091,-0.268887616
1002030,CARM-1007,2013,1,6/3/2013,PROB,38.43501,-121.5249,Xeric,CA,Y,-0.449215928,-3.083127647,2.924345455,-0.095186131
1002031,AZR9-0902,2013,1,5/27/2013,PROB,36.43346,-111.8641,Xeric,AZ,Y,-0.941022138,-0.972035257,0.068181818,-0.41840198
1002032,AZR9-0901,2013,1,5/30/2013,PROB,36.08766,-111.8706,Xeric,AZ,Y,-1.293204657,0.066026932,0,-0.384815394
1002033,CARM-1003,2013,1,6/4/2013,PROB,37.90976,-121.3253,Xeric,CA,Y,-1.082351291,-2.926766705,2.03252316,-0.459045191
1002034,NJRO-1019,2013,1,6/4/2013,PROB,40.75796,-74.16351,Southern Appalachians,NJ,Y,-1.016086822,,5.643544725,-0.724898146
1002035,TXR9-0907,2013,1,6/4/2013,PROB,30.57973,-94.99791,Coastal Plains,TX,Y,-0.596567486,3.050410081,0.030304545,0.035429738
1002036,GAS9-0916,2013,1,6/4/2013,PROB,32.80116,-82.92292,Coastal Plains,GA,Y,-0.205068569,-1.909506395,0.113636364,0.129162373
1002037,NES9-0934,2013,1,6/5/2013,PROB,40.90226,-96.60626,Temperate Plains,NE,Y,-1.106894235,-1.713527893,1.000036364,-0.23793557
1002038,KSRS-1261,2013,1,6/5/2013,PROB,39.35249,-99.83154,Southern Plains,KS,Y,-0.877039828,-1.737191815,1.113654545,-0.176733305
1002039,KSRS-1277,2013,1,6/5/2013,PROB,39.04576,-99.04318,Southern Plains,KS,Y,-0.958607315,-1.904978403,2.075772727,-0.367220718
1002040,OKR9-0901,2013,1,6/3/2013,PROB,35.92582,-99.51525,Southern Plains,OK,Y,-1.248500948,-0.948938089,0.238107143,-0.10119649
1002041,PALS-1091,2013,1,6/5/2013,PROB,41.75655,-77.5552,Northern Appalachians,PA,Y,-0.175992567,-0.339756743,0,0.086440728
1002042,NJLS-1043,2013,1,6/5/2013,PROB,40.91547,-74.08986,Southern Appalachians,NJ,Y,-0.182104243,-0.534829091,3.818254545,-0.157163916
1002043,DELS-1036,2013,1,6/5/2013,PROB,38.85149,-75.66956,Coastal Plains,DE,Y,-1.256062854,-0.652008343,0.060609091,-0.497634963
1002044,NES9-0923,2013,1,6/4/2013,PROB,41.41566,-98.08897,Southern Plains,NE,Y,-0.760359317,-1.866002414,0.969727273,-0.677780705
1002045,NES9-0930,2013,1,6/3/2013,PROB,41.67311,-97.67665,Southern Plains,NE,Y,-1.485090181,-2.656815405,0.787909091,-2
1002046,WVRF-0001,2013,1,6/5/2013,HAND,39.4955,-78.30457,Southern Appalachians,WV,Y,-0.332971785,-0.317815174,0,0.051064777
1002047,OKS9-0935,2013,1,6/4/2013,PROB,35.54539,-99.72271,Southern Plains,OK,Y,-0.324554962,-2.147692386,1.227272727,-0.399423087
1002048,PAS9-0918,2013,1,6/6/2013,PROB,41.60763,-77.50377,Northern Appalachians,PA,Y,-0.668480681,0.00209773,0.303045455,0.09246544
1002049,MDS9-0914,2013,1,6/6/2013,PROB,38.68908,-75.7699,Coastal Plains,MD,Y,-0.83456681,-0.850112764,3.713993939,0.067848283
1002050,NJR9-0901,2013,1,6/6/2013,PROB,41.27242,-74.84022,Southern Appalachians,NJ,Y,-0.555671259,1.182955903,0.651531818,-0.003070632
1002051,TXS9-0926,2013,1,6/6/2013,PROB,29.91047,-95.49178,Coastal Plains,TX,Y,-0.392057827,-0.138006077,2.583368182,-0.949725729
1002052,NJSS-1082,2013,1,6/7/2013,PROB,41.0507,-74.38407,Northern Appalachians,NJ,Y,-0.151530964,0.031199016,2.087380952,0.002853004
1002053,NJRO-1020,2013,1,6/9/2013,PROB,40.90745,-74.30466,Southern Appalachians,NJ,Y,-0.089084675,-2.375932602,0.068181818,-0.08727083
1002054,MNSS-1171,2013,1,6/6/2013,PROB,44.94257,-93.02145,Upper Midwest,MN,Y,,,,
1002056,PAS9-0923,2013,1,6/10/2013,PROB,40.52159,-79.39899,Southern Appalachians,PA,Y,-0.409441858,-0.576770591,0.871245455,-0.142530437
1002057,NJS9-0909,2013,1,6/11/2013,PROB,41.11046,-74.84292,Southern Appalachians,NJ,Y,-0.273495069,0.976886242,0.128790909,-0.324554962
1002058,NER9-0904,2013,1,6/10/2013,PROB,40.79966,-98.43775,Southern Plains,NE,Y,-1.037071311,-1.774837378,0.742445455,-0.749136614
1002059,AZRM-1002,2013,1,6/8/2013,PROB,35.9166,-113.3347,Xeric,AZ,Y,-0.214670165,,0,-0.453401258
1002060,MDRM-1003,2013,1,6/11/2013,PROB,39.44732,-78.97643,Southern Appalachians,MD,Y,-0.312227896,0.465742647,1.701342857,0.232129428
1002061,NVRM-1001,2013,1,6/10/2013,PROB,36.73991,-114.206,Xeric,NV,Y,-1.256062854,-3.356443087,1.923919913,-0.996069706
1002062,OKR9-0909,2013,1,6/11/2013,PROB,34.59159,-99.02375,Southern Plains,OK,Y,-0.899942911,-2.632481163,0.6667,-0.225317178
1002063,OKS9-0931,2013,1,6/10/2013,PROB,34.83934,-98.306,Southern Plains,OK,Y,-0.862415739,-1.741483939,0.969713636,0.078275522
1002064,NELS-1074,2013,1,6/11/2013,PROB,40.84166,-99.74438,Southern Plains,NE,Y,-0.457627316,-2.846839034,0.886381818,-1.485090181
1002065,PALS-1090,2013,1,6/11/2013,PROB,41.51621,-79.32288,Northern Appalachians,PA,Y,-0.380053345,-0.029596719,0,0.061897786
1002066,KSRS-1340,2013,1,6/10/2013,PROB,38.43482,-95.74648,Temperate Plains,KS,Y,-0.706938935,-0.415253556,1.121268182,-0.073388102
1002067,NDSS-1103,2013,1,6/11/2013,PROB,46.31488,-101.6123,Northern Plains,ND,Y,-1.293204657,-2.88647484,1.863654545,-2
1002068,TXSS-1216,2013,1,6/12/2013,PROB,32.78727,-96.87091,Southern Plains,TX,Y,-1.837272689,-0.045788269,3.40165,-1.139661993
1002069,TXS9-0928,2013,1,6/11/2013,PROB,33.75841,-97.29398,Southern Plains,TX,Y,-0.647817482,0.108520647,0.272740909,-0.317629257
1002070,KSR9-0906,2013,1,6/11/2013,PROB,37.39754,-95.67977,Temperate Plains,KS,Y,-0.958607315,0.089271566,1.651545455,-0.153634768
1002071,WIRF-0011,2013,1,6/12/2013,HAND,44.01212,-89.78824,Upper Midwest,WI,Y,-0.472018776,-1.514593613,0,-0.077722888
1002072,PAS9-0922,2013,1,6/12/2013,PROB,41.65698,-78.61148,Northern Appalachians,PA,Y,-0.335101728,-0.216272174,0.181827273,-0.019789969
1002073,MNS9-0933,2013,1,6/11/2013,PROB,44.51765,-94.02858,Upper Midwest,MN,Y,-0.412039727,-0.626089212,0.299932619,-0.142530437
1002074,NJR9-0902,2013,1,6/12/2013,PROB,40.5089,-74.46615,Southern Appalachians,NJ,Y,-0.060934793,-2.469051498,3.723535,0.000394634
1002075,OKRO-1089,2013,1,6/12/2013,PROB,34.88904,-99.37742,Southern Plains,OK,Y,-1.190134333,-1.101286567,1.257581818,-0.115951666
1002076,VTR9-0901,2013,1,6/11/2013,PROB,42.79337,-72.52477,Northern Appalachians,VT,Y,-0.401906196,-3.360653216,1.121245455,-0.084264487
1002078,WIRF-0006,2013,1,6/13/2013,HAND,44.19707,-90.73067,Upper Midwest,WI,Y,-0.356996206,-1.541848856,0.030304545,-0.375342947
1002079,NDLS-1055,2013,1,6/12/2013,PROB,46.27863,-100.2429,Northern Plains,ND,Y,-0.422299355,-2.29904108,2.59855,-0.618556717
1002080,COS9-0934,2013,1,6/11/2013,PROB,38.06737,-105.0848,Western Mountains,CO,Y,-0.958607315,-1.368496762,1.5,-0.474955193
1002081,CAR9-0902,2013,1,5/29/2013,PROB,34.35671,-119.0199,Xeric,CA,Y,-0.848268086,-1.318235909,0.242436364,0.041302946
1002082,TXS9-0936,2013,1,6/13/2013,PROB,32.77924,-96.55449,Southern Plains,TX,Y,-0.570100974,-0.436797467,0.954581818,-0.20034622
1002083,MNS9-0934,2013,1,6/12/2013,PROB,44.40724,-93.61883,Upper Midwest,MN,Y,-1.765916798,,0.857142857,-1.765916798
1002084,MNSS-1175,2013,1,6/13/2013,PROB,44.17742,-95.60563,Temperate Plains,MN,Y,-0.381951903,-0.602539991,1.3334,-1.026452336
1002085,COR9-0903,2013,1,6/13/2013,PROB,37.60462,-103.606,Southern Plains,CO,Y,,,,
1002086,COS9-0926,2013,1,6/14/2013,PROB,39.63866,-102.1137,Southern Plains,CO,Y,,,,
1002088,COS9-0929,2013,1,6/16/2013,PROB,39.54923,-105.1317,Western Mountains,CO,Y,,,,
1002089,VTRS-1007,2013,1,6/17/2013,PROB,44.43994,-72.71384,Northern Appalachians,VT,Y,-0.499189902,-0.200405876,2.204622727,-0.521564691
1002090,MDRO-1018,2013,1,6/17/2013,PROB,39.43248,-77.37975,Southern Appalachians,MD,Y,-0.306193137,0.633477853,1.107524892,0.214723462
1002091,MORF-0009,2013,1,6/18/2013,HAND,39.65361,-94.22593,Temperate Plains,MO,Y,-0.585026652,-1.076361257,0.090909091,-0.007566991
1002092,GAS9-0922,2013,1,6/18/2013,PROB,34.36679,-85.08706,Southern Appalachians,GA,Y,0.098800993,-1.655679902,0.515172727,0.000887423
1002093,NDR9-0907,2013,1,6/18/2013,PROB,46.79972,-101.1068,Northern Plains,ND,Y,-0.258248713,-0.622059602,1.085548701,-0.494541683
1002094,OKR9-0901,2013,2,6/18/2013,PROB,35.92582,-99.51525,Southern Plains,OK,N,-1.024038239,-0.721120718,0,-0.448753371
1002095,MNR9-0912,2013,1,6/18/2013,PROB,45.23426,-93.49636,Upper Midwest,MN,Y,-0.713693262,,1.333366667,0.096040554
1002096,MIRF-0004,2013,1,6/18/2013,HAND,44.60941,-84.45637,Upper Midwest,MI,Y,-0.592686366,-0.396728443,0.632412121,0.054995862
1002097,MDRO-1015,2013,1,6/18/2013,PROB,39.26903,-77.44567,Southern Appalachians,MD,Y,-0.284756577,-0.053506917,0.757595455,0.216525765
1002098,KYS9-0919,2013,1,6/18/2013,PROB,38.62014,-85.41854,Southern Appalachians,KY,Y,-0.152932367,-0.841673782,0.787904545,-0.059800568
1002099,KSR9-0904,2013,1,6/17/2013,PROB,39.42728,-98.53949,Southern Plains,KS,Y,-0.771879741,-2.224297661,0.454568182,-0.337242168
1002100,OKR9-0905,2013,1,6/18/2013,PROB,35.53,-99.13021,Southern Plains,OK,Y,-0.766081332,-2.542185362,1.196990909,-0.173777904
1002101,MORF-0004,2013,1,6/19/2013,HAND,38.47137,-93.61713,Temperate Plains,MO,Y,-0.277216553,-0.691583528,0.090909091,-0.1357317
1002102,OHS9-0919,2013,1,6/18/2013,PROB,40.37315,-81.21327,Southern Appalachians,OH,Y,-0.892173573,-1.404254243,1.257631818,-0.624752178
1002103,ALSS-1063,2013,1,6/19/2013,PROB,33.35583,-86.60633,Southern Appalachians,AL,Y,-0.706938935,-1.019878556,0.878827273,-0.219551758
1002104,MIRF-0003,2013,1,6/19/2013,HAND,44.59139,-85.07703,Upper Midwest,MI,Y,-0.636701478,-0.506970834,0.155198913,-0.079398447
1002105,OHS9-0914,2013,1,6/19/2013,PROB,40.70663,-80.79918,Southern Appalachians,OH,Y,-0.749136614,-1.662511839,3.500122727,-0.493003268
1002106,SDSS-1190,2013,1,6/19/2013,PROB,43.958,-99.04698,Northern Plains,SD,Y,-0.827874927,-3.053166776,2.5152,-1.047956452
1002107,NHR9-0903,2013,1,6/19/2013,PROB,43.86581,-72.17822,Northern Appalachians,NH,Y,-0.26071541,-1.443607895,0.750027273,-0.194128583
1002108,CTSS-1077,2013,1,6/19/2013,PROB,42.01009,-72.63232,Northern Appalachians,CT,Y,-0.486903525,-2.664421942,0.212131818,-0.122445424
1002109,OHLS-1071,2013,1,6/18/2013,PROB,39.61589,-81.92661,Southern Appalachians,OH,Y,-0.877039828,-1.702949854,2.484895455,-0.426232021
1002110,COS9-0924,2013,1,6/18/2013,PROB,39.0766,-106.0064,Western Mountains,CO,Y,,,,
1002111,GAS9-0919,2013,1,6/19/2013,PROB,34.30315,-84.47051,Southern Appalachians,GA,Y,-0.038794704,0.003894095,0,0.199717788
1002112,NDSS-1106,2013,1,6/20/2013,PROB,47.18226,-101.7943,Northern Plains,ND,Y,-0.659375643,-1.725897794,1.666695455,-0.186479663
1002113,UTRF-0004,2013,1,6/20/2013,HAND,40.49275,-112.5816,Xeric,UT,Y,0.050625786,-1.062936807,0.393959091,0.13858974
1002114,OHSS-1125,2013,1,6/20/2013,PROB,39.57122,-84.66835,Temperate Plains,OH,Y,0.057596954,-0.022587512,0.439409091,0.141805957
1002115,OHRO-1031,2013,1,6/20/2013,PROB,40.52083,-81.30616,Southern Appalachians,OH,Y,-0.862415739,-2.55996105,1.888947619,-0.289399145
1002116,MIRF-0002,2013,1,6/20/2013,HAND,44.14272,-86.01193,Upper Midwest,MI,Y,-0.449215928,-0.375761743,0.3485,0.044432849
1002117,MORF-0005,2013,1,6/20/2013,HAND,40.11646,-92.76208,Temperate Plains,MO,Y,-0.449215928,-2.235020702,0,-0.078313525
1002118,MIS9-0923,2013,1,6/19/2013,PROB,42.5695,-84.5928,Upper Midwest,MI,Y,-0.354756416,-2.156731322,0.20455,-0.19956413
1002119,MISS-1136,2013,1,6/20/2013,PROB,42.82857,-85.6665,Upper Midwest,MI,Y,-0.505465944,-2.315390608,1.607611818,-0.151530964
1002120,TXS9-0926,2013,2,6/20/2013,PROB,29.91047,-95.49178,Coastal Plains,TX,N,-0.292429824,-0.075125892,2.666690909,-0.523207881
1002121,MDRO-1014,2013,1,6/21/2013,PROB,39.31389,-77.4119,Southern Appalachians,MD,Y,-0.239646066,0.085666226,0.750027273,0.204366671
1002122,ALS9-0918,2013,1,6/20/2013,PROB,32.93231611,-86.36246869,Southern Appalachians,AL,Y,-0.795880017,-1.026812469,0.181818182,-0.130368316
1002123,ALSS-1064,2013,1,6/21/2013,PROB,33.11467,-87.11905,Southern Appalachians,AL,Y,-0.727525465,-0.413520493,1.287913636,0.029014637
1002124,MNS9-0929,2013,1,6/20/2013,PROB,44.04151,-92.33874,Upper Midwest,MN,Y,-0.628932138,-1.592042127,1.088694156,-0.426232021
1002125,NVS9-0921,2013,1,6/18/2013,PROB,40.7413,-115.5544,Xeric,NV,Y,-0.361510743,-2.794146408,1.816713636,-0.606424797
1002126,NVR9-0920,2013,1,6/20/2013,PROB,41.88666,-114.6866,Xeric,NV,Y,-1.070581074,-2.515295586,0.242436364,-0.431531592
1002127,OHS9-0922,2013,1,6/19/2013,PROB,39.97946,-82.38165,Northern Appalachians,OH,Y,-0.511834012,-0.40051594,0.113636364,-0.270724735
1002128,WASS-1140,2013,1,6/19/2013,PROB,46.30527,-123.781,Western Mountains,WA,Y,-0.314258261,-0.816507237,0.361129167,0.05018635
1002129,COS9-0925,2013,1,6/19/2013,PROB,37.06135,-105.9829,Xeric,CO,Y,,,,
1002130,MIRF-0005,2013,1,6/21/2013,HAND,43.43006,-85.71988,Upper Midwest,MI,Y,-0.892173573,-0.493410027,0.207436147,0.107364166
1002131,WAS9-0919,2013,1,6/20/2013,PROB,46.83757,-123.3863,Western Mountains,WA,Y,-0.197226275,-2.635807638,0,-0.307193125
1002132,OHR9-0907,2013,1,6/23/2013,PROB,41.02829,-83.21295,Temperate Plains,OH,Y,-0.677780705,0.370860697,1.022763636,-0.24742778
1002133,OHRO-1035,2013,1,6/23/2013,PROB,40.63326,-81.54266,Southern Appalachians,OH,Y,-1.016086822,0.625470328,2.093867965,-0.157163916
1002134,COS9-0922,2013,1,6/20/2013,PROB,37.71407,-106.8382,Western Mountains,CO,Y,-0.316298164,-0.867231284,1.000040909,-0.31732172
1002135,OHS9-0915,2013,1,6/20/2013,PROB,39.74567,-81.84162,Southern Appalachians,OH,Y,-0.427550863,-1.850700438,0,-0.83456681
1002136,OHRM-1001,2013,1,6/24/2013,PROB,41.2338,-84.59052,Temperate Plains,OH,Y,-0.585026652,1.179569696,0.674268182,-0.142530437
1002137,PAR9-0910,2013,1,6/24/2013,PROB,40.88572,-76.80151,Southern Appalachians,PA,Y,-0.326643925,-0.908960926,1.083368182,-0.096416777
1002138,NDS9-0938,2013,1,6/24/2013,PROB,46.41794,-103.5124,Northern Plains,ND,Y,-0.650457577,-2.908375035,1.386363636,-0.610431231
1002139,KSRS-1269,2013,1,6/24/2013,PROB,38.70221,-96.98346,Temperate Plains,KS,Y,-0.588839621,-1.777508823,1.030322727,-0.145280016
1002140,VTRF-0002,2013,1,6/24/2013,HAND,44.80659,-72.13678,Northern Appalachians,VT,Y,-0.335101728,-0.388036171,0.955649351,-0.318347694
1002141,VTRS-1004,2013,1,6/24/2013,PROB,44.78541,-72.02854,Northern Appalachians,VT,Y,-0.224488846,-1.760526108,0.272740909,0.007728386
1002142,ARS9-0946,2013,1,6/24/2013,PROB,35.34665559,-91.32230048,Coastal Plains,AR,Y,-0.717110229,-1.888226573,0.431831818,-0.434205828
1002143,ALS9-0916,2013,1,6/24/2013,PROB,33.26014982,-85.50357137,Southern Appalachians,AL,Y,-0.941022138,-2.900092017,1.5,-1.911058926
1002144,OHRO-1036,2013,1,6/24/2013,PROB,41.24697,-81.55581,Northern Appalachians,OH,Y,-0.738196627,0.361184726,2.545509091,0.051064777
1002146,DESS-1085,2013,1,6/24/2013,PROB,39.72867,-75.68322,Southern Appalachians,DE,Y,-0.499189902,-0.077676061,1.335505411,-0.515053408
1002161,KSRF-0004,2013,1,6/25/2013,HAND,39.10731,-96.60725,Temperate Plains,KS,Y,-0.271646218,-1.176263168,0.128790909,-0.132371831
1002162,MNSS-1169,2013,1,6/25/2013,PROB,48.10913,-96.11106,Temperate Plains,MN,Y,-0.194128583,-2.146109565,1.402255628,-0.892173573
1002164,COS9-0920,2013,1,6/24/2013,PROB,38.55321,-107.519,Western Mountains,CO,Y,-0.577499695,-0.371834,2.15005,-0.084204572
1002165,TXS9-0928,2013,2,6/25/2013,PROB,33.75841,-97.29398,Southern Plains,TX,N,-0.5315184,-1.672439326,0.318186364,-0.12771126
1002166,OKR9-0913,2013,1,6/25/2013,PROB,35.81455,-98.70209,Southern Plains,OK,Y,-1.428608832,-0.386001763,0,0.016843484
1002167,MTS9-0934,2013,1,6/25/2013,PROB,48.14321,-112.1246,Northern Plains,MT,Y,-0.505465944,-1.8363719,0.787909091,-0.931284188
1002168,UTRO-1035,2013,1,6/25/2013,PROB,37.81354,-112.0533,Western Mountains,UT,Y,-1.22184875,-2.676159746,2.507609091,-0.078313525
1002169,NVSS-1104,2013,1,6/25/2013,PROB,41.95777,-115.8638,Xeric,NV,Y,-0.68250648,-3.665017245,0.33335,-0.461894902
1002170,KYS9-0924,2013,1,6/25/2013,PROB,38.60545,-83.95593,Southern Appalachians,KY,Y,-0.037716783,0.364905843,0.143940909,0.103492733
1002171,KSRS-1336,2013,1,6/25/2013,PROB,39.10386,-96.49063,Temperate Plains,KS,Y,-0.92412139,-1.735390566,1.734909091,-0.332971785
1002172,ARRM-1004,2013,1,6/25/2013,PROB,35.0758,-92.63969,Southern Appalachians,AR,Y,-0.892173573,-1.438110667,0.704559091,0.142517449
1002173,NDR9-0910,2013,1,6/25/2013,PROB,45.95829,-103.1202,Northern Plains,ND,Y,-0.452001662,-0.863399624,3.27171974,-2
1002174,WIRF-0008,2013,1,6/25/2013,HAND,45.88327,-90.68103,Upper Midwest,WI,Y,-0.821284597,0.007750926,0.075759091,0.22513299
1002175,OKS9-0939,2013,1,6/25/2013,PROB,34.34592,-96.69948,Southern Plains,OK,Y,-0.717110229,-0.555188896,1.5,0.097225749
1002176,SDS9-0938,2013,1,6/25/2013,PROB,44.15643,-103.2287,Northern Plains,SD,Y,-0.472018776,-1.865005438,1.954586364,-0.68250648
1002177,ALR9-0904,2013,1,6/25/2013,PROB,33.41281268,-86.75189942,Southern Appalachians,AL,Y,-0.518296847,0.258041607,1.640358225,-0.004065808
1002178,KSRF-0002,2013,1,6/26/2013,HAND,37.78673,-96.43022,Temperate Plains,KS,Y,-0.306193137,-1.029238174,0.5,-0.436896633
1002179,WALS-1070,2013,1,6/25/2013,PROB,47.09141,-120.3099,Xeric,WA,Y,-0.417110589,-0.328586634,1.712131818,-0.098888579
1002180,PARM-1002,2013,1,6/26/2013,PROB,41.06235,-76.85619,Southern Appalachians,PA,Y,-0.877039828,1.091020961,1.272781818,-0.070116836
1002181,UTSS-1107,2013,1,6/26/2013,PROB,37.43042,-112.3516,Western Mountains,UT,Y,0.098800993,-1.976466623,1.401531818,-0.27256966
1002182,OHSS-1124,2013,1,6/26/2013,PROB,40.31965,-84.63034,Temperate Plains,OH,Y,-0.54515514,-0.38849873,0.106063636,-0.108918921
1002183,MTS9-0941,2013,1,6/26/2013,PROB,47.72172,-112.4911,Northern Plains,MT,Y,-0.659375643,-2.422051092,1.5,-0.331910718
1002184,NDSS-1105,2013,1,6/26/2013,PROB,45.98051,-102.8498,Northern Plains,ND,Y,-1.082351291,-3.292855334,1.00005,-2
1002185,MDR9-0905,2013,1,6/26/2013,PROB,39.62421,-78.42927,Southern Appalachians,MD,Y,-0.392057827,1.525337988,0.92425,0.155818932
1002186,TXR9-0903,2013,1,6/26/2013,PROB,33.05566,-97.25306,Southern Plains,TX,Y,-0.275351825,0.277235973,0,0.001871325
1002187,WIRF-0002,2013,1,6/26/2013,HAND,45.48286,-91.25274,Upper Midwest,WI,Y,-0.795880017,0.496219028,0.278508658,0.147113949
1002188,ORR9-0912,2013,1,6/26/2013,PROB,45.48478,-122.9599,Western Mountains,OR,Y,-0.760359317,-1.368951141,2.166761905,0.194117726
1002189,NVS9-0926,2013,1,6/26/2013,PROB,41.8773,-115.6285,Xeric,NV,Y,-0.743632175,-1.936221222,0.396838095,-0.130368316
1002190,OHS9-0920,2013,1,6/26/2013,PROB,41.79621,-80.91776,Northern Appalachians,OH,Y,-0.727525465,-1.293096485,0.719727273,-0.015165945
1002191,OKR9-0908,2013,1,6/26/2013,PROB,35.92491,-97.86391,Southern Plains,OK,Y,-1.106894235,-1.405204455,0.598495455,0.09564477
1002192,OKR9-0911,2013,1,6/26/2013,PROB,34.22208,-96.70688,Southern Plains,OK,Y,-1.037071311,-0.716355312,0.060609091,0.208050276
1002193,SDSS-1191,2013,1,6/26/2013,PROB,43.98931,-103.7802,Western Mountains,SD,Y,-0.783714109,-1.51569848,1.757613636,-1.90724596
1002194,KYSS-1080,2013,1,6/26/2013,PROB,38.68525,-85.24408,Southern Appalachians,KY,Y,0.011429462,1.081310192,2.599803788,0.100370545
1002204,VTS9-0917,2013,1,6/26/2013,PROB,44.62931,-72.03325,Northern Appalachians,VT,Y,-0.58426806,-0.624604287,0.128790909,-0.134384632
1002205,VARF-0004,2013,1,6/26/2013,HAND,38.17742,-79.37615,Southern Appalachians,VA,Y,-0.216291273,0.054544392,0,0.128061313
1002206,MNS9-0932,2013,1,6/26/2013,PROB,48.65556,-94.98697,Upper Midwest,MN,Y,-0.4366268,-1.35721737,0.67425,-0.030245324
1002207,TXS9-0940,2013,1,6/27/2013,PROB,32.49662,-97.35227,Southern Plains,TX,Y,-0.427550863,0.25332803,0.545459091,-0.141162149
1002208,MDRM-1004,2013,1,6/27/2013,PROB,39.31512,-77.65539,Southern Appalachians,MD,Y,0.050625786,0.862025877,0.8413,0.200029267
1002209,LAR9-0915,2013,1,6/26/2013,PROB,30.32848,-90.84382,Coastal Plains,LA,Y,-0.232844134,-0.277434823,4.550888585,-0.232844134
1002210,COLS-1060,2013,1,6/26/2013,PROB,39.16392,-107.8062,Western Mountains,CO,Y,0.00627151,-0.557035094,0,0.054995862
1002211,MTLS-1140,2013,1,6/27/2013,PROB,47.74657,-112.3342,Northern Plains,MT,Y,-1.059121453,-2.130232657,2.363686364,0.026236032
1002212,ALS9-0919,2013,1,6/27/2013,PROB,32.91383014,-87.5326477,Coastal Plains,AL,Y,-0.777756616,-0.400005559,1.787909091,-0.323514237
1002213,COS9-0928,2013,1,6/27/2013,PROB,39.80551,-108.6538,Xeric,CO,Y,-1.082351291,-1.622522476,2.0682,-0.30819542
1002214,KSRF-0003,2013,1,6/27/2013,HAND,38.49227,-96.58311,Temperate Plains,KS,Y,-0.275351825,-0.698729267,0.86365,-0.218734339
1002215,COLS-1064,2013,1,6/25/2013,PROB,38.93422,-107.3195,Western Mountains,CO,Y,,,,
1002216,MIS9-0934,2013,1,6/25/2013,PROB,42.54559,-83.31093,Upper Midwest,MI,Y,-0.783714109,-2.122515202,1.818227273,0.036792161
1002217,UTR9-0904,2013,1,6/27/2013,PROB,37.74306,-112.0986,Western Mountains,UT,Y,-0.489942687,-1.659202496,1.880971429,-1.106894235
1002218,LALS-1038,2013,1,6/24/2013,PROB,30.57775,-91.52159,Coastal Plains,LA,Y,0.182297905,-2.519155271,1.545472727,0.135132651
1002219,MIRF-0001,2013,1,6/27/2013,HAND,45.36106,-87.73633,Upper Midwest,MI,Y,-0.760359317,-0.692209419,0.606072727,0.096831043
1002220,NHS9-0912,2013,1,6/27/2013,PROB,43.14515,-71.18604,Northern Appalachians,NH,Y,-0.294207536,0.632458601,0.500025,-0.343183362
1002221,MNS9-0935,2013,1,6/27/2013,PROB,48.03553,-92.90707,Upper Midwest,MN,Y,-0.359247609,-2.48879661,0,-0.763210901
1002222,ORS9-0932,2013,1,6/27/2013,PROB,45.21177,-121.8471,Western Mountains,OR,Y,-0.489942687,-0.70133518,0,0.051064777
1002223,ARRO-1021,2013,1,6/27/2013,PROB,35.54235,-93.16002,Southern Appalachians,AR,Y,-0.795880017,0.150009826,0,0.220702279
1002224,NVLS-1046,2013,1,6/27/2013,PROB,41.55244,-116.196,Xeric,NV,Y,-0.518296847,-1.889736653,1.287890909,-0.192587984
1002225,INSS-1089,2013,1,6/27/2013,PROB,41.24414,-87.11566,Temperate Plains,IN,Y,-0.633152719,-2.810846751,0.893954545,-0.26432853
1002226,MIS9-0924,2013,1,6/26/2013,PROB,42.55559,-82.98477,Temperate Plains,MI,Y,-1.160579093,-1.070842416,2.166686364,-0.837951818
1002227,WIRF-0003,2013,1,6/28/2013,HAND,45.73897,-89.52685,Upper Midwest,WI,Y,-0.862415739,1.522468194,0.242431818,-0.075368345
1002228,ALRM-1003,2013,1,6/28/2013,PROB,33.01342,-87.08608,Southern Appalachians,AL,Y,-0.555671259,0.726219459,0.871218182,-0.167200881
1002229,COR9-0901,2013,1,6/28/2013,PROB,39.98812,-108.778,Xeric,CO,Y,-0.644612341,-1.062609931,1.00005,-0.033076459
1002230,OHRM-1005,2013,1,6/30/2013,PROB,41.19717,-84.70796,Temperate Plains,OH,Y,-0.548632296,-0.018193224,0.636395455,-0.051387006
1002231,WALS-1072,2013,1,6/30/2013,PROB,47.13147,-123.7646,Western Mountains,WA,Y,-0.795880017,-0.107519353,0.568195455,0.108518898
1002232,ALS9-0922,2013,1,6/30/2013,PROB,34.50734375,-88.05036704,Coastal Plains,AL,Y,-0.375342947,-1.59166236,0.765168182,0.185464885
1002233,MDS9-0914,2013,2,7/1/2013,PROB,38.68908,-75.7699,Coastal Plains,MD,N,-0.427550863,-1.106641707,3.083386364,-0.02813402
1002235,OHSS-1123,2013,1,7/1/2013,PROB,41.39327,-84.29579,Temperate Plains,OH,Y,-0.515053408,-2.37289095,1.227295455,-1.160579093
1002236,NES9-0928,2013,1,7/1/2013,PROB,41.39956,-97.15694,Southern Plains,NE,Y,-0.732828272,-2.067037424,0.697004545,-0.996069706
1002237,OKR9-0902,2013,1,7/1/2013,PROB,36.958,-97.42192,Southern Plains,OK,Y,-0.538283248,-2.298749817,0.333336364,0.1206487
1002238,WAS9-0918,2013,1,7/1/2013,PROB,46.53776,-122.0414,Western Mountains,WA,Y,-0.534887652,-0.036269437,0.386372727,0.209271234
1002239,LAS9-0944,2013,1,7/1/2013,PROB,29.89733,-90.68334,Coastal Plains,LA,Y,0.053253104,,0.151518182,0.112345981
1002240,DESS-1081,2013,1,7/1/2013,PROB,39.81091,-75.56715,Southern Appalachians,DE,Y,-0.310206977,-0.358389118,0.848486364,-0.250052981
1002241,NES9-0934,2013,2,7/2/2013,PROB,40.90226,-96.60626,Temperate Plains,NE,N,-0.534887652,-3.116120686,0.727309091,-0.118537529
1002242,KSR9-0904,2013,2,7/1/2013,PROB,39.42728,-98.53949,Southern Plains,KS,N,-0.817521943,-1.599267851,0,-0.17578116
1002243,ORR9-0910,2013,1,7/2/2013,PROB,44.24753,-120.8595,Western Mountains,OR,Y,-1.160579093,-0.836555629,1.681859091,-1.016086822
1002244,NDS9-0941,2013,1,7/2/2013,PROB,47.16789,-102.6458,Northern Plains,ND,Y,-1.037071311,-1.498116782,0.6667,-0.55923399
1002245,ALRF-0003,2013,1,7/1/2013,HAND,34.08128827,-88.02124812,Coastal Plains,AL,Y,-0.711994806,0.257720388,1.106068182,-0.046965543
1002246,IDRM-1001,2013,1,7/1/2013,PROB,42.9393,-115.7014,Xeric,ID,Y,-0.771879741,-2.889260606,0.450016818,-0.238789975
1002247,IDR9-0903,2013,1,7/2/2013,PROB,42.52531,-115.4908,Xeric,ID,Y,-0.771879741,-1.925219899,0.810609091,-0.296317894
1002248,IDR9-0901,2013,1,7/3/2013,PROB,42.57566,-113.6292,Xeric,ID,Y,-0.877039828,-0.528042397,2.409177273,-0.1357317
1002249,OKR9-0906,2013,1,7/2/2013,PROB,36.05503,-98.12901,Southern Plains,OK,Y,-1.016086822,-1.307829605,0.151522727,0.046654763
1002250,NVLS-1048,2013,1,7/2/2013,PROB,40.19137,-117.2531,Xeric,NV,Y,-1.059121453,-1.905721675,0.33335,-0.697000411
1002251,NVRO-1020,2013,1,7/3/2013,PROB,39.19519,-117.3465,Xeric,NV,Y,-2,-1.595800875,1.424245455,-0.585026652
1002252,NJS9-0909,2013,2,7/7/2013,PROB,41.11046,-74.84292,Southern Appalachians,NJ,N,-0.271646218,-1.363222819,0.643968182,-0.375342947
1002253,IDRO-1034,2013,1,7/7/2013,PROB,43.69342,-115.6677,Western Mountains,ID,Y,-0.384815394,0.002743646,0.680318182,-0.63956151
1002255,NDS9-0943,2013,1,7/8/2013,PROB,47.09669,-101.8017,Northern Plains,ND,Y,-0.804603585,1.562291189,1.212145455,-1.037071311
1002256,NJR9-0901,2013,2,7/8/2013,PROB,41.27242,-74.84022,Southern Appalachians,NJ,N,-0.521564691,0.559449355,0.636390909,-0.1522311
1002257,IDR9-0906,2013,1,7/8/2013,PROB,43.96347,-116.1892,Western Mountains,ID,Y,-0.573784579,0.447353345,1.524588745,-0.131702965
1002258,OHS9-0915,2013,2,7/8/2013,PROB,39.74567,-81.84162,Southern Appalachians,OH,N,-0.44096436,-1.044746539,0.6667,-0.760359317
1002259,MIS9-0924,2013,2,7/8/2013,PROB,42.55559,-82.98477,Temperate Plains,MI,N,-1.160579093,-1.777004628,2.378822727,-0.877039828
1002260,OHS9-0923,2013,1,7/8/2013,PROB,40.75689,-82.11641,Northern Appalachians,OH,Y,-0.692115158,-2.44880576,1.12125,-0.162153403
1002261,KSR9-0903,2013,1,7/8/2013,PROB,38.12609,-98.07809,Southern Plains,KS,Y,-0.83456681,-2.03057158,1.227272727,-0.218734339
1002262,KSRS-1316,2013,1,7/8/2013,PROB,39.57579,-95.07163,Temperate Plains,KS,Y,-0.777756616,,0.719722727,-0.040958608
1002263,OKS9-0932,2013,1,7/8/2013,PROB,35.74931,-97.13433,Southern Plains,OK,Y,-0.958607315,-0.905821293,0.272740909,-0.091514981
1002264,WIS9-0931,2013,1,7/1/2013,PROB,43.45535,-89.2491,Temperate Plains,WI,Y,-0.269805204,-0.794603756,1.6364,0.018265381
1002265,WISS-1162,2013,1,7/2/2013,PROB,42.85481,-90.52929,Upper Midwest,WI,Y,-0.322475999,-0.926802809,0,0.056731653
1002266,MIS9-0930,2013,1,7/9/2013,PROB,42.80947,-86.17005,Upper Midwest,MI,Y,-0.717110229,-1.544855713,2.825818182,-0.068380351
1002267,LASS-1050,2013,1,7/8/2013,PROB,30.7948,-91.20539,Coastal Plains,LA,Y,-0.177475308,-1.870356898,0.212127273,-0.058669297
1002268,NDS9-0940,2013,1,7/9/2013,PROB,47.04646,-101.1047,Northern Plains,ND,Y,-0.257132103,-0.922282739,1.136404545,-0.628932138
1002269,NJS9-0908,2013,2,7/9/2013,PROB,41.04212,-74.0473,Southern Appalachians,NJ,N,,,,
1002270,OKRM-1002,2013,1,7/9/2013,PROB,35.96767,-97.12551,Southern Plains,OK,Y,-0.976934698,-1.534471591,0.431836364,-0.159295252
1002271,AZSS-1106,2013,1,7/9/2013,PROB,33.89019,-109.472,Western Mountains,AZ,Y,-0.729638825,-1.146354403,2.484868182,-1.293204657
1002272,NES9-0932,2013,1,7/8/2013,PROB,42.79716,-100.0455,Northern Plains,NE,Y,-0.157163916,-2.161276727,1.5,-0.641718964
1002273,NES9-0921,2013,1,7/9/2013,PROB,42.8028,-100.5568,Northern Plains,NE,Y,-0.299650343,-2.127985578,0,-0.056977898
1002274,MTR9-0913,2013,1,7/9/2013,PROB,47.01519,-108.165,Northern Plains,MT,Y,-1.22184875,-1.712148358,1.537909091,-1.455931956
1002275,VTS9-0910,2013,1,7/9/2013,PROB,43.04999,-72.72147,Northern Appalachians,VT,Y,-0.555671259,-1.319996739,1.075795455,-0.076544021
1002276,OHS9-0914,2013,2,7/9/2013,PROB,40.70663,-80.79918,Southern Appalachians,OH,N,-0.773829877,-0.699316937,2.81955,-0.43130948
1002277,MNRM-1003,2013,1,7/8/2013,PROB,44.56766,-92.48587,Upper Midwest,MN,Y,-0.382427842,-1.449789531,0.650808874,0.157539185
1002278,TXR9-0915,2013,1,7/9/2013,PROB,31.76248,-100.1405,Southern Plains,TX,Y,-0.717110229,1.022999294,0.636395455,-0.198783445
1002279,OKRM-1008,2013,1,7/8/2013,PROB,34.22702,-95.49317,Southern Appalachians,OK,Y,-0.907853776,0.75386586,0,0.171726454
1002280,ARR9-0904,2013,1,7/9/2013,PROB,35.67817479,-93.74408948,Southern Appalachians,AR,Y,-1.550030994,0.596655824,0.590936364,0.264710524
1002281,CAS9-0914,2013,1,7/9/2013,PROB,36.96371,-119.2314,Xeric,CA,Y,-0.483885483,-0.654983535,0,0.097225749
1002282,KSR9-0901,2013,1,7/9/2013,PROB,39.87204,-95.02724,Temperate Plains,KS,Y,-0.54515514,,1.242454545,-0.266146425
1002283,KYS9-0919,2013,2,7/9/2013,PROB,38.62014,-85.41854,Southern Appalachians,KY,N,-0.035568932,-0.339527438,1.431840909,0.016368482
1002284,SDSS-1188,2013,1,7/9/2013,PROB,43.82918,-103.4591,Western Mountains,SD,Y,-0.783714109,-0.710320237,0.575781818,-0.279089322
1002285,WYRF-0001,2013,1,7/8/2013,HAND,41.26388,-105.3197,Western Mountains,WY,Y,-0.084264487,-1.548048042,1.401518182,-0.107652386
1002286,COS9-0923,2013,1,7/9/2013,PROB,40.1597,-105.1184,Southern Plains,CO,Y,-0.738196627,-0.606363378,4.644018182,-0.136406804
1002287,AZS9-0929,2013,1,7/10/2013,PROB,33.67588,-109.0841,Western Mountains,AZ,Y,-0.373006768,-1.439934573,0.33335,-0.051387006
1002288,NDLS-1059,2013,1,7/10/2013,PROB,46.24855,-101.5315,Northern Plains,ND,Y,-0.30819542,-2.451353389,1.265172727,-0.730168774
1002289,NJRM-1001,2013,1,7/10/2013,PROB,40.84438,-73.95545,Northern Appalachians,NJ,Y,-0.446447948,,4.674336364,-0.360377701
1002290,NVRO-1027,2013,1,7/8/2013,PROB,41.52683,-117.4287,Xeric,NV,Y,-0.958607315,-0.407803031,1.189422727,-0.33939321
1002291,NVR9-0910,2013,1,7/10/2013,PROB,39.08216,-119.7573,Xeric,NV,Y,-1.082351291,-0.981821784,1.121227273,0.036792161
1002292,GAS9-0924,2013,1,7/10/2013,PROB,33.91141,-84.3122,Southern Appalachians,GA,Y,-0.211445989,1.176918656,2.189440909,0.015892959
1002293,NES9-0927,2013,1,7/10/2013,PROB,42.89817,-100.4854,Northern Plains,NE,Y,-1.082351291,0.457635405,0.090913636,-0.434205828
1002294,NYLS-1125,2013,1,7/10/2013,PROB,42.19853,-77.4111,Northern Appalachians,NY,Y,-0.944482671,0.802990864,0.621222727,0.051064777
1002295,COS9-0932,2013,1,7/10/2013,PROB,40.89838,-105.3802,Western Mountains,CO,Y,-0.33939321,-0.550334511,0.856077273,-0.089084675
1002296,MILS-1059,2013,1,7/10/2013,PROB,42.32681,-86.13682,Upper Midwest,MI,Y,-0.300241086,-1.843711307,0.371218182,0.130260649
1002297,SDLS-1114,2013,1,7/10/2013,PROB,44.06162,-103.6927,Western Mountains,SD,Y,-0.229482704,-1.678387342,0.393959091,0.023439534
1002298,TXRM-1011,2013,1,7/10/2013,PROB,31.73042,-99.93923,Southern Plains,TX,Y,-0.480888271,0.909311468,0.242436364,-0.279089322
1002299,WIS9-0923,2013,1,7/10/2013,PROB,43.14323,-91.02181,Upper Midwest,WI,Y,-0.375342947,-0.853385901,1.3334,-0.065501549
1002300,IDR9-0910,2013,1,7/9/2013,PROB,44.39607,-116.0461,Western Mountains,ID,Y,-0.198783445,0.234440105,0.401522727,-0.111463125
1002303,IDRO-1030,2013,1,7/10/2013,PROB,44.03468,-116.917,Xeric,ID,Y,-0.958607315,0.166864635,2.242472727,-0.004065808
1002304,WAR9-0901,2013,1,7/9/2013,PROB,48.95608,-119.6933,Xeric,WA,Y,-1.132907664,0.272789797,0.500018182,-0.312227896
1002305,MTS9-0923,2013,1,7/10/2013,PROB,45.83769,-110.0458,Northern Plains,MT,Y,-0.771879741,-3.416492307,1.901531818,-0.83456681
1002306,CTS9-0917,2013,1,7/10/2013,PROB,41.39887,-73.38665,Northern Appalachians,CT,Y,-0.438248312,-0.334066646,1.189431818,0.137871779
1002307,DES9-0912,2013,1,7/10/2013,PROB,39.80614,-75.46541,Southern Appalachians,DE,Y,-0.30819542,0.274652864,2.387454978,-0.213861874
1002308,RISS-1083,2013,1,7/10/2013,PROB,41.60442,-71.49621,Northern Appalachians,RI,Y,-0.432866652,-0.831461842,1.454568182,0.047540356
1002309,VTR9-0901,2013,2,7/10/2013,PROB,42.79337,-72.52477,Northern Appalachians,VT,N,-0.26432853,-3.352594825,1.097535294,-0.039634942
1002310,ARLS-1047,2013,1,6/26/2013,PROB,35.56233,-93.28855,Southern Appalachians,AR,Y,-0.771879741,0.529943603,0.462136364,0.19217449
1002311,GAS9-0917,2013,1,7/11/2013,PROB,33.31358,-84.17307,Southern Appalachians,GA,Y,-0.131035128,-1.658576156,0,0.226892695
1002312,ARSS-1090,2013,1,7/11/2013,PROB,34.48397,-92.84216,Southern Appalachians,AR,Y,-0.821284597,0.852092305,0.636395455,0.127693672
1002313,ARR9-0906,2013,1,7/10/2013,PROB,34.92887774,-93.36068491,Southern Appalachians,AR,Y,-0.912670402,1.52611234,0.030304545,0.231261012
1002314,MDLS-1041,2013,1,7/11/2013,PROB,38.33388,-75.32309,Coastal Plains,MD,Y,-0.158583644,-2.286039372,2.030340909,0.230390857
1002315,NJSS-1081,2013,1,7/11/2013,PROB,40.44914,-74.91378,Southern Appalachians,NJ,Y,-0.401906196,-0.587672963,3.166754545,-0.356996206
1002316,MTR9-0909,2013,1,7/9/2013,PROB,46.45775,-110.3713,Northern Plains,MT,Y,-0.198783445,-0.250678762,1.515168182,-0.169892722
1002317,MTS9-0924,2013,1,7/8/2013,PROB,46.16677,-110.5491,Northern Plains,MT,Y,-0.282859263,-0.215855414,1.757586364,-0.117889618
1002318,NJR9-0902,2013,2,7/11/2013,PROB,40.5089,-74.46615,Southern Appalachians,NJ,N,-0.280028744,0.486441141,4.091004545,-0.071860293
1002319,MNRM-1012,2013,1,7/10/2013,PROB,44.13431,-91.73915,Upper Midwest,MN,Y,-0.401906196,-1.885990521,0.030304545,0.08956871
1002320,COSS-1099,2013,1,7/11/2013,PROB,40.74967,-105.852,Western Mountains,CO,Y,-0.148741651,-0.361865956,0,0.036792161
1002321,NHSS-1070,2013,1,7/11/2013,PROB,43.83178,-71.005,Northern Appalachians,NH,Y,-0.520472675,-2.133457909,0.871245455,-0.079497211
1002322,MNR9-0901,2013,1,7/11/2013,PROB,44.13244,-91.72952,Upper Midwest,MN,Y,-0.515053408,-1.4309901,0.982600801,0.001379652
1002323,ORLS-1104,2013,1,7/11/2013,PROB,45.8587,-117.6355,Western Mountains,OR,Y,-0.608423395,-0.426971887,0,0.018265381
1002324,ORRM-1001,2013,1,7/10/2013,PROB,45.7653,-117.7599,Western Mountains,OR,Y,-0.795880017,0.278248134,0.068181818,0.012549644
1002325,MDLS-1038,2013,1,7/12/2013,PROB,39.18863,-76.85368,Southern Appalachians,MD,Y,-0.224488846,-0.737292036,1.660574892,0.165702855
1002326,WYS9-0928,2013,1,7/12/2013,PROB,41.0327,-105.6756,Xeric,WY,Y,-0.160008028,-1.741532647,1.5,-0.548632296
1002327,NJSS-1087,2013,1,7/12/2013,PROB,40.04303,-74.60168,Coastal Plains,NJ,Y,-0.409441858,-1.775540919,0.462140909,0.04354089
1002328,LARO-1019,2013,1,7/11/2013,PROB,29.67975,-91.28559,Coastal Plains,LA,Y,-0.280970201,,0.787895455,-0.009580414
1002329,WYRF-0004,2013,1,7/10/2013,HAND,41.6524,-106.3136,Xeric,WY,Y,-0.219551758,-0.71093108,1.568181818,-0.35141824
1002330,NYRO-1052,2013,1,7/14/2013,PROB,44.62279,-75.22698,Northern Appalachians,NY,Y,-0.697000411,-2.839330399,0.484868182,-0.12771126
1002331,NJLS-1042,2013,1,7/14/2013,PROB,39.83842,-75.35393,Coastal Plains,NJ,Y,-0.892173573,,3.919968182,-0.63956151
1002332,WYS9-0924,2013,1,7/15/2013,PROB,41.38215,-107.2276,Western Mountains,WY,Y,-0.165752748,-2.786648755,1.83335,-0.518296847
1002333,WYLS-1088,2013,1,7/14/2013,PROB,41.60117,-106.4195,Xeric,WY,Y,-0.608423395,-0.562346388,1.090963636,0.003832468
1002334,NYS9-0936,2013,1,7/15/2013,PROB,44.49954,-74.88522,Northern Appalachians,NY,Y,-0.502316586,-0.632718256,0.181822727,-0.160721977
1002335,IDRM-1022,2013,1,7/15/2013,PROB,45.41502,-116.1287,Western Mountains,ID,Y,-0.577499695,0.229749962,0.545459091,-0.224488846
1002336,NER9-0902,2013,1,7/15/2013,PROB,42.44907,-102.999,Southern Plains,NE,Y,-1.082351291,-1.704870088,1.5,-1.774220952
1002337,IDRM-1019,2013,1,7/14/2013,PROB,45.43318,-115.9813,Western Mountains,ID,Y,-0.620612065,0.193672041,0.530313636,-0.316298164
1002338,SDR9-0911,2013,1,7/15/2013,PROB,45.76411,-100.6831,Northern Plains,SD,Y,-0.697000411,-0.407578066,1.219713636,-1.059121453
1002339,CAS9-0915,2013,1,7/15/2013,PROB,40.80247,-122.93,Western Mountains,CA,Y,-0.727525465,-1.109105643,0,-0.001087096
1002340,CAS9-0930,2013,1,7/10/2013,PROB,39.29989,-120.9695,Western Mountains,CA,Y,-0.577499695,-0.690650835,0.39395,0.108134329
1002341,MIS9-0929,2013,1,7/15/2013,PROB,45.65369,-84.99924,Upper Midwest,MI,Y,-0.760359317,-1.127065839,0,-0.22366209
1002342,OKRO-1088,2013,1,7/15/2013,PROB,35.68552,-96.41488,Southern Plains,OK,Y,-0.570100974,-1.59733607,0.227277273,-0.008069472
1002343,KSR9-0905,2013,1,7/15/2013,PROB,39.72624,-94.91122,Temperate Plains,KS,Y,-1.190134333,,1.400772727,-0.1357317
1002344,CARM-1010,2013,1,7/15/2013,PROB,39.50076,-121.9976,Xeric,CA,Y,-0.92412139,0.370861513,0.278513203,-0.276283188
1002345,NJLS-1041,2013,1,7/15/2013,PROB,39.87754,-75.13151,Coastal Plains,NJ,Y,-1.037071311,,2.568259091,-0.388421514
1002346,CAS9-0916,2013,1,7/11/2013,PROB,39.46674,-120.9644,Western Mountains,CA,Y,-0.496085569,0.450106853,0.090909091,0.018738314
1002347,DER9-0903,2013,1,7/15/2013,PROB,38.61817,-75.63092,Coastal Plains,DE,Y,-0.396993176,-1.005341131,1.575763636,-0.141845754
1002348,WYS9-0931,2013,1,7/16/2013,PROB,42.13291,-106.0715,Xeric,WY,Y,-0.717110229,-1.866773302,1.5,-1.719173392
1002349,NYRO-1049,2013,1,7/16/2013,PROB,44.91335,-74.93946,Northern Appalachians,NY,Y,-0.727525465,-1.985076892,0.287890909,-0.095801018
1002350,LARO-1020,2013,1,7/15/2013,PROB,29.76361,-91.44424,Coastal Plains,LA,Y,-0.941022138,,0.159095455,-0.130368316
1002351,KSR9-0908,2013,1,7/16/2013,PROB,39.25252,-96.3266,Temperate Plains,KS,Y,-0.743632175,-1.828542003,0.92425,-0.201914638
1002352,MNR9-0907,2013,1,7/15/2013,PROB,44.79956,-93.53312,Upper Midwest,MN,Y,-0.720208659,-1.060222338,0.474393074,0.12176869
1002353,MNRM-1010,2013,1,7/16/2013,PROB,44.80982,-93.49899,Upper Midwest,MN,Y,-0.755835377,-1.30557926,0.272731818,0.045322979
1002354,NDS9-0938,2013,2,7/16/2013,PROB,46.41794,-103.5124,Northern Plains,ND,N,-0.5315184,-2.052176085,1.433335,-0.573784579
1002355,SDR9-0901,2013,1,7/16/2013,PROB,45.65636,-100.8508,Northern Plains,SD,Y,-1.106894235,-0.124855576,1.477272727,-1.026452336
1002356,OKRM-1006,2013,1,7/16/2013,PROB,36.58577,-97.0339,Southern Plains,OK,Y,-0.641718964,-1.306797966,0.530309091,0.064883226
1002357,OHS9-0916,2013,1,7/16/2013,PROB,41.79363,-80.82266,Northern Appalachians,OH,Y,-0.941022138,-2.309459266,1.492477273,-0.188760227
1002358,NVR9-0905,2013,1,7/16/2013,PROB,40.8147,-115.8061,Xeric,NV,Y,-1.428608832,-1.260940976,1.121254545,-0.624752178
1002359,CARM-1011,2013,1,7/16/2013,PROB,40.47343,-122.3032,Xeric,CA,Y,-0.528175086,0.694361793,2.197009091,-0.108918921
1002360,ORRM-1008,2013,1,7/16/2013,PROB,43.68129,-123.6684,Western Mountains,OR,Y,-0.112740839,2.76712051,1.537881818,-0.018243151
1002361,TXS9-0937,2013,1,7/16/2013,PROB,33.48298,-97.17612,Southern Plains,TX,Y,-0.486903525,0.670993337,0.242436364,-0.028660884
1002362,NHRO-1033,2013,1,7/16/2013,PROB,43.25604,-71.6225,Northern Appalachians,NH,Y,-0.197226275,-1.475736594,3.553122727,-0.280970201
1002363,IDR9-0908,2013,1,7/16/2013,PROB,46.66523,-115.5475,Western Mountains,ID,Y,-0.570100974,0.498902315,0.469709091,-0.015165945
1002364,MISS-1133,2013,1,7/16/2013,PROB,46.68717,-85.16703,Upper Midwest,MI,Y,-0.332971785,-1.161220588,0,0.030397301
1002365,WIS9-0928,2013,1,7/16/2013,PROB,45.49626,-87.98249,Upper Midwest,WI,Y,-0.170448837,-0.690897494,0.448730769,0.163780436
1002366,OKS9-0938,2013,1,7/15/2013,PROB,34.53126,-94.71442,Southern Appalachians,OK,Y,-0.706938935,1.189179804,0,0.194388185
1002367,WAS9-0920,2013,1,7/16/2013,PROB,46.22895,-123.393,Western Mountains,WA,Y,-0.83456681,-1.765726434,0.818204545,0.036792161
1002368,NERM-1003,2013,1,7/17/2013,PROB,40.6786,-99.48502,Southern Plains,NE,Y,-0.996069706,-1.937872403,1.5,-0.536582132
1002369,CAS9-0921,2013,1,7/16/2013,PROB,41.31836,-123.0505,Western Mountains,CA,Y,-0.275351825,-0.516810132,0.030304545,0.062752865
1002370,KSRS-1268,2013,1,7/17/2013,PROB,39.73549,-95.82575,Temperate Plains,KS,Y,-0.848268086,-1.767267298,0.863668182,-0.129037756
1002371,MDR9-0905,2013,2,7/17/2013,PROB,39.62421,-78.42927,Southern Appalachians,MD,N,-0.406915415,0.917026152,0.234854545,0.239299479
1002372,OKLS-1181,2013,1,7/17/2013,PROB,35.14815,-94.7019,Southern Appalachians,OK,Y,-0.821284597,-0.945021476,0,0.215024365
1002373,TXR9-0903,2013,2,7/17/2013,PROB,33.05566,-97.25306,Southern Plains,TX,N,-0.382427842,1.029775139,0,0.018738314
1002374,NVRO-1024,2013,1,7/17/2013,PROB,40.57471,-116.4405,Xeric,NV,Y,-2,0.351662295,1.674277273,-0.55744897
1002375,UTR9-0901,2013,1,7/17/2013,PROB,37.22372,-109.2087,Xeric,UT,Y,-0.483885483,-0.644214628,4.234945455,0.049746469
1002376,MTR9-0920,2013,1,7/17/2013,PROB,45.90936,-111.5669,Western Mountains,MT,Y,-0.668480681,0.59461652,1.121236364,-0.884540786
1002377,ORR9-0903,2013,1,7/17/2013,PROB,44.16795,-122.2497,Western Mountains,OR,Y,-0.279089322,0.429845993,1.431827273,0.063521
1002378,SDR9-0909,2013,1,7/17/2013,PROB,44.81715,-103.6939,Northern Plains,SD,Y,-1.132907664,-2.027596257,1.1364,-0.536582132
1002379,OKS9-0936,2013,1,7/17/2013,PROB,35.96545,-96.36807,Southern Plains,OK,Y,-0.754711716,-1.143551021,0.477272727,-0.049170648
1002380,COS9-0938,2013,1,7/17/2013,PROB,40.62352,-105.978,Western Mountains,CO,Y,-0.255351475,0.759497221,0.6667,0.047097785
1002381,VTS9-0909,2013,1,7/17/2013,PROB,43.90351,-72.82532,Northern Appalachians,VT,Y,-1.190134333,0.014490458,1.500045455,-0.278151927
1002382,PARF-0004,2013,1,7/17/2013,HAND,41.28869,-79.84386,Southern Appalachians,PA,Y,-0.600483603,0.574284054,0.772745455,0.00627151
1002387,DERO-1001,2013,1,7/17/2013,PROB,38.66194,-75.56498,Coastal Plains,DE,Y,0.001925921,0.253216714,1.000005,-0.046965543
1002388,CTS9-0921,2013,1,7/17/2013,PROB,41.88046,-73.49702,Northern Appalachians,CT,Y,-0.245396872,-0.604213638,2.409775,0.052597763
1002389,NYLS-1123,2013,1,7/18/2013,PROB,44.50581,-75.04351,Northern Appalachians,NY,Y,-0.279089322,-2.507670871,0.318195455,-0.094572114
1002390,KSS9-0932,2013,1,7/15/2013,PROB,39.8978,-98.15768,Southern Plains,KS,Y,-0.996069706,-2.346928395,0.893972727,-0.105759482
1002391,MTS9-0937,2013,1,7/18/2013,PROB,47.11537,-111.3768,Northern Plains,MT,Y,-0.011603214,-1.414573451,1.939409091,-0.241363326
1002392,NCRO-1016,2013,1,7/16/2013,PROB,34.3619,-77.93378,Coastal Plains,NC,Y,-0.085704935,,0.136363636,0.14499853
1002393,NYRO-1056,2013,1,7/17/2013,PROB,44.84435,-75.08576,Northern Appalachians,NY,Y,-0.508638306,0.389528143,0.848513636,-0.081278813
1002394,NCS9-0920,2013,1,7/18/2013,PROB,35.39708,-80.7245,Southern Appalachians,NC,Y,-0.288576254,-2.114532437,2.219763636,-0.398186837
1002395,MNR9-0908,2013,1,7/18/2013,PROB,45.56509,-92.7953,Upper Midwest,MN,Y,-1.293204657,1.034684289,0.068181818,-0.058104766
1002396,MNRO-1052,2013,1,7/17/2013,PROB,44.88838,-93.17842,Upper Midwest,MN,Y,-1.160579093,-1.710291324,0.575763636,-0.146661361
1002397,NHR9-0905,2013,1,7/18/2013,PROB,43.35118,-72.39344,Northern Appalachians,NH,Y,-1.016086822,-2.363168098,0.363645455,-0.160008028
1002398,CAR9-0912,2013,1,7/17/2013,PROB,38.57234,-121.3577,Xeric,CA,Y,-0.958607315,0.654811272,0.863640909,0.011589665
1002399,NVRM-1006,2013,1,7/18/2013,PROB,40.70241,-116.5235,Xeric,NV,Y,-2,-0.409005854,1.568227273,-0.555671259
1002400,ORR9-0911,2013,1,7/18/2013,PROB,44.06547,-123.1063,Western Mountains,OR,Y,-0.569367987,0.948658835,3.765227273,0.092066383
1002401,NDRO-1022,2013,1,7/17/2013,PROB,46.21593,-102.6037,Northern Plains,ND,Y,-1.160579093,-1.597982128,1.325763636,-1.774220952
1002402,NDRM-1001,2013,1,7/18/2013,PROB,46.45899,-102.6568,Northern Plains,ND,Y,-0.81479278,-0.541822095,1.151559091,-1.047956452
1002403,OHLS-1069,2013,1,7/17/2013,PROB,41.51412,-80.73366,Northern Appalachians,OH,Y,-0.877039828,-0.372624686,0.939431818,-0.013635481
1002404,WAS9-0921,2013,1,7/18/2013,PROB,48.68136,-121.72,Western Mountains,WA,Y,-0.128484557,-0.419435646,0.055558333,0.113107367
1002405,COS9-0937,2013,1,7/19/2013,PROB,39.8105,-106.0032,Western Mountains,CO,Y,-0.174514871,-0.69556058,0,0.048865368
1002406,KSR9-0911,2013,1,7/19/2013,PROB,39.06027,-94.84195,Temperate Plains,KS,Y,-1.132907664,-1.780739837,1.204568182,0.001871325
1002407,NCRM-1002,2013,1,7/19/2013,PROB,35.82241,-81.18403,Southern Appalachians,NC,Y,-0.443697499,,4.527875,-0.183206514
1002408,NYSS-1241,2013,1,7/21/2013,PROB,43.5808,-75.95908,Northern Appalachians,NY,Y,-0.257387075,-0.972920175,0.172621429,-0.132658804
1002409,OHLS-1074,2013,1,7/19/2013,PROB,40.86244,-82.24619,Northern Appalachians,OH,Y,-1.333822512,-1.074377077,1.571838745,-0.536582132
1002410,OHRO-1033,2013,1,7/21/2013,PROB,41.44082,-83.03139,Temperate Plains,OH,Y,-0.83456681,-2.647911822,1.71975,-0.155748813
1002411,COS9-0920,2013,2,7/21/2013,PROB,38.55321,-107.519,Western Mountains,CO,N,-0.637414722,-0.398344154,1.810622727,-0.053056729
1002412,COS9-0921,2013,1,7/22/2013,PROB,39.36936,-106.4524,Western Mountains,CO,Y,-0.117889618,-0.464935218,0.6667,-0.029716535
1002413,NYLS-1124,2013,1,7/22/2013,PROB,43.66568,-75.29471,Northern Appalachians,NY,Y,-0.290659359,-0.235102189,0.486129167,0.008333978
1002414,PAS9-0919,2013,1,7/22/2013,PROB,41.48847,-78.13261,Northern Appalachians,PA,Y,-0.538283248,-1.015395722,0,0.05368945
1002415,WIS9-0927,2013,1,7/22/2013,PROB,44.94776,-91.55695,Upper Midwest,WI,Y,-0.169625217,-1.245637136,1.3334,-0.100544298
1002416,WYRF-0007,2013,1,7/22/2013,HAND,41.61615,-104.6169,Southern Plains,WY,Y,-0.668480681,-1.099505499,1.742436364,-1.205702116
1002417,OHSS-1122,2013,1,7/22/2013,PROB,41.02658,-82.78515,Temperate Plains,OH,Y,-0.996069706,-2.646647138,3.697077273,-0.899942911
1002418,ARLS-1045,2013,1,7/22/2013,PROB,34.78806,-91.87005,Coastal Plains,AR,Y,-0.518622528,-1.014459659,0.242436364,0.10504545
1002419,KSR9-0912,2013,1,7/22/2013,PROB,37.33922,-97.25535,Southern Plains,KS,Y,-0.668480681,-1.711572525,1.31065,-0.031835566
1002420,IASS-1090,2013,1,7/22/2013,PROB,42.10432,-93.35417,Temperate Plains,IA,Y,-0.92412139,-2.094783679,1.962140909,-0.657128899
1002421,ILRF-0001,2013,1,7/22/2013,HAND,37.47428,-88.54387,Southern Appalachians,IL,Y,-0.326643925,-0.181212989,0,0.003343012
1002423,INS9-0918,2013,1,7/23/2013,PROB,39.18727,-85.3494,Temperate Plains,IN,Y,-0.46620484,-1.495528795,0.924286364,0.147465519
1002424,NYRO-1051,2013,1,7/23/2013,PROB,43.80096,-75.46669,Northern Appalachians,NY,Y,-0.941022138,-2.399398132,1.416677273,-0.248301085
1002425,AZRM-1003,2013,1,7/23/2013,PROB,34.16182,-109.3017,Xeric,AZ,Y,-0.411983086,-1.331965884,1.848490909,-0.434205828
1002426,IARF-0003,2013,1,7/23/2013,HAND,43.44452,-92.61206,Temperate Plains,IA,Y,-0.322475999,-2.325355972,1.454618182,0.102714288
1002427,CAR9-0904,2013,1,7/22/2013,PROB,38.80836,-121.6352,Xeric,CA,Y,-0.717110229,-2.202631432,0.636386364,-0.03933467
1002428,IASS-1088,2013,1,7/22/2013,PROB,42.40356,-91.06747,Temperate Plains,IA,Y,-0.292429824,-2.171955383,1.174272727,0.054995862
1002429,MIS9-0927,2013,1,7/23/2013,PROB,44.31522,-84.21131,Upper Midwest,MI,Y,-0.115307598,-1.557882876,0.090909091,0.035884354
1002430,SDRM-1007,2013,1,7/23/2013,PROB,43.27803,-103.7202,Western Mountains,SD,Y,-1.037071311,-0.685247689,0.954545455,-1.550030994
1002431,CAS9-0929,2013,1,7/23/2013,PROB,40.10651,-123.7938,Western Mountains,CA,Y,-0.877039828,-0.542500286,0.560618182,0.057164519
1002432,WIS9-0929,2013,1,7/23/2013,PROB,44.91029,-90.49366,Upper Midwest,WI,Y,-0.541705603,-0.04726663,0.212122727,0.021095286
1002433,WAR9-0908,2013,1,7/23/2013,PROB,46.27117,-119.5705,Xeric,WA,Y,-0.823908741,1.262414069,1.871259091,0.060182561
1002434,OHSS-1127,2013,1,7/23/2013,PROB,41.38763,-81.26877,Northern Appalachians,OH,Y,-1.190134333,0.025600364,2.636427273,-0.538283248
1002435,IAS9-0924,2013,1,7/23/2013,PROB,41.58756,-94.39744,Temperate Plains,IA,Y,-0.907853776,-2.307003503,0.825786364,-0.119186408
1002436,MTS9-0932,2013,1,7/23/2013,PROB,46.58559,-111.2657,Western Mountains,MT,Y,-0.219551758,-1.651905593,1.712154545,-0.104502114
1002437,ARRO-1024,2013,1,7/24/2013,PROB,34.37759,-91.62511,Coastal Plains,AR,Y,-0.941022138,-2.399465134,0.33335,0.135349528
1002438,MNRM-1002,2013,1,7/23/2013,PROB,45.32221,-93.8161,Upper Midwest,MN,Y,-0.677780705,0.56695413,1.643986364,0.1660397
1002439,KSRF-0006,2013,1,7/23/2013,HAND,39.56784,-96.21844,Temperate Plains,KS,Y,-0.958607315,-1.894639385,0,-0.082470621
1002440,ILLS-1071,2013,1,7/23/2013,PROB,40.1623,-88.02744,Temperate Plains,IL,Y,-1.837272689,-1.548649573,0.969727273,-0.743632175
1002442,MNRM-1006,2013,1,7/22/2013,PROB,44.9773,-93.24067,Upper Midwest,MN,Y,-0.958607315,-2.175809174,2.527814444,0.218141468
1002443,LAS9-0948,2013,1,7/22/2013,PROB,30.60083,-91.87677,Coastal Plains,LA,Y,-0.411983086,-2.342674773,1.803118182,-0.151530964
1002444,MOS9-0932,2013,1,7/22/2013,PROB,39.21987,-91.92117,Temperate Plains,MO,Y,-0.453962363,-0.743891702,0.098486364,-0.337242168
1002445,NYR9-0906,2013,1,7/24/2013,PROB,44.25928,-75.76743,Northern Appalachians,NY,Y,-1.485090181,-3.411882167,0.196972727,0.030857213
1002446,WYRF-0006,2013,1,7/23/2013,HAND,41.44492,-107.4568,Western Mountains,WY,Y,-0.483284383,-1.128565148,1.893959091,-0.255351475
1002447,INSS-1088,2013,1,7/24/2013,PROB,39.71464,-85.18634,Temperate Plains,IN,Y,-0.140752501,-0.325289281,1.136395455,0.022971696
1002448,SDRO-1072,2013,1,7/19/2013,PROB,45.54624,-101.8726,Northern Plains,SD,Y,-0.980694843,-3.01010281,1.5,-0.011603214
1002449,SDS9-0941,2013,1,7/17/2013,PROB,45.56323,-101.5487,Northern Plains,SD,Y,-1.293204657,-1.986755175,1.439395455,-0.766081332
1002450,IARO-1013,2013,1,7/24/2013,PROB,43.22527,-92.80638,Temperate Plains,IA,Y,-0.585026652,-0.615104362,0.590936364,0.136792608
1002451,NDRO-1024,2013,1,7/24/2013,PROB,47.18952,-102.6249,Northern Plains,ND,Y,-0.273495069,-1.312161276,1.329035065,-0.53319976
1002452,ORR9-0914,2013,1,7/24/2013,PROB,43.77084,-118.049,Xeric,OR,Y,-0.848268086,0.66764348,2.56825,-0.954143816
1002453,ORS9-0939,2013,1,7/23/2013,PROB,44.14125,-119.2912,Western Mountains,OR,Y,-0.194128583,-2.340624707,0.977313636,0.004321374
1002454,WISS-1164,2013,1,7/24/2013,PROB,44.81844,-91.87926,Upper Midwest,WI,Y,-0.296317894,-1.575585934,1.106109091,0.072049269
1002455,ILRF-0003,2013,1,7/23/2013,HAND,40.14087,-87.7433,Temperate Plains,IL,Y,-0.620612065,-0.393636356,0.583340909,0.180282312
1002456,OHRF-0002,2013,1,7/24/2013,HAND,41.18563,-82.42516,Temperate Plains,OH,Y,-0.808396576,0.254822131,1.62957013,-0.05529306
1002457,MOSS-1159,2013,1,7/23/2013,PROB,39.24991,-93.01204,Temperate Plains,MO,Y,-0.477911599,-0.176578548,0.204545455,0.043455846
1002458,TXSS-1210,2013,1,7/24/2013,PROB,30.92768,-97.99342,Southern Plains,TX,Y,-0.137760169,0.647224673,0.545468182,0.077863204
1002459,NCS9-0921,2013,1,7/22/2013,PROB,35.4757,-81.40958,Southern Appalachians,NC,Y,-0.316298164,-0.482107172,1.833363636,-0.332971785
1002460,NCRF-0002,2013,1,7/23/2013,HAND,36.41318,-80.2648,Southern Appalachians,NC,Y,-0.092735253,0.590165773,0,-0.334888263
1002461,MTLS-1130,2013,1,7/24/2013,PROB,46.59423,-111.0444,Northern Plains,MT,Y,-0.173042186,-2.820242766,3.234922727,-0.851762028
1002462,KSRS-1303,2013,1,7/23/2013,PROB,37.70662,-96.2133,Temperate Plains,KS,Y,-0.697000411,0.388807635,0.060609091,0.092066383
1002463,ALSS-1065,2013,1,7/24/2013,PROB,34.07899,-86.50564,Southern Appalachians,AL,Y,-0.159580222,-1.884422903,2.348527273,-0.766081332
1002464,SDRM-1011,2013,1,7/24/2013,PROB,43.39332,-103.3291,Northern Plains,SD,Y,-0.93815928,-1.005270045,1,-1.03483751
1002465,CAS9-0926,2013,1,7/24/2013,PROB,41.64846,-124.0885,Western Mountains,CA,Y,-0.641718964,-0.617060359,0,0.263097843
1002466,OKS9-0934,2013,1,7/23/2013,PROB,35.71769,-96.37698,Southern Plains,OK,Y,-0.562826189,-0.675967015,0.454568182,0.051503326
1002467,INRF-0001,2013,1,7/24/2013,HAND,39.01319,-85.50091,Temperate Plains,IN,Y,-0.752845384,0.817559397,0.222229167,0.082411333
1002468,WARM-1001,2013,1,7/24/2013,PROB,47.18231,-120.9081,Western Mountains,WA,Y,-0.623828736,0.2907756,1.046327778,0.002526024
1002469,IARF-0004,2013,1,7/24/2013,HAND,42.6635,-93.22859,Temperate Plains,IA,Y,-0.585026652,-1.193245897,0.659104545,0.021565149
1002470,IAR9-0905,2013,1,7/25/2013,PROB,42.24731,-92.32474,Temperate Plains,IA,Y,-0.366072702,-2.406140614,1.462190909,-0.27256966
1002471,NJSS-1078,2013,1,7/25/2013,PROB,40.82636,-74.59106,Northern Appalachians,NJ,Y,-0.243087403,-0.222558739,2.507654545,-0.276283188
1002472,ILR9-0902,2013,1,7/24/2013,PROB,41.48585,-89.84848,Temperate Plains,IL,Y,-0.463326801,-1.565340885,3.21432381,-0.361510743
1002474,CAS9-0920,2013,1,7/25/2013,PROB,40.724,-124.1174,Western Mountains,CA,Y,-0.585026652,-1.242381224,0.393954545,0.274525206
1002475,NYSS-1249,2013,1,7/25/2013,PROB,43.76854,-75.50135,Northern Appalachians,NY,Y,-1.22184875,1.047636442,1.409090909,-2
1002476,IDR9-0905,2013,1,7/25/2013,PROB,47.69645,-116.9153,Western Mountains,ID,Y,-0.680609995,-1.8030798,4.022777273,-0.259816808
1002477,VTRF-0001,2013,1,7/25/2013,HAND,43.94573,-72.71111,Northern Appalachians,VT,Y,-0.637414722,-0.355343338,1.977336364,-0.293398583
1002478,INS9-0923,2013,1,7/25/2013,PROB,40.54495,-84.92549,Temperate Plains,IN,Y,-0.10137453,-1.026184304,0.848504545,-0.118537529
1002479,IARF-0002,2013,1,7/25/2013,HAND,41.77723,-94.49883,Temperate Plains,IA,Y,-0.958607315,-1.756451227,0.727295455,-0.059800568
1002480,OHS9-0921,2013,1,7/25/2013,PROB,40.01636,-83.25297,Temperate Plains,OH,Y,-0.727525465,-1.052521721,1.590986364,-0.02603293
1002481,ORS9-0937,2013,1,7/25/2013,PROB,44.85146,-118.1429,Western Mountains,OR,Y,-0.288576254,-0.582703502,0.212131818,-0.119186408
1002482,NVS9-0921,2013,2,7/23/2013,PROB,40.7413,-115.5544,Xeric,NV,N,-0.268989475,-2.821599166,2.424286364,-0.477911599
1002483,NVR9-0920,2013,2,7/25/2013,PROB,41.88666,-114.6866,Xeric,NV,N,-0.783714109,-1.937165265,1.568181818,-0.600483603
1002484,NVS9-0926,2013,2,7/24/2013,PROB,41.8773,-115.6285,Xeric,NV,N,-0.616511048,-1.998698522,0.33335,-0.147287701
1002485,NCR9-0903,2013,1,7/24/2013,PROB,36.21492,-80.96029,Southern Appalachians,NC,Y,-0.164309429,-1.733602955,1.4167,0.067425941
1002486,MTRO-1070,2013,1,7/25/2013,PROB,46.60899,-111.0762,Northern Plains,MT,Y,-0.808396576,-0.205408234,0.124104329,-0.413259297
1002487,ARR9-0905,2013,1,7/25/2013,PROB,33.55630442,-92.02261248,Coastal Plains,AR,Y,-0.892173573,1.531460655,0.33335,0.02390687
1002488,ALRF-0001,2013,1,7/25/2013,HAND,34.917856,-86.13294466,Southern Appalachians,AL,Y,-0.673105801,-0.017105563,1.212136364,-0.363785732
1002489,LAS9-0944,2013,2,7/25/2013,PROB,29.89733,-90.68334,Coastal Plains,LA,N,0.020624914,,0,0.090867005
1002490,LAR9-0915,2013,2,7/24/2013,PROB,30.32848,-90.84382,Coastal Plains,LA,N,-0.050831855,-0.193084335,4.277062338,-0.222013286
1002491,MOLS-1080,2013,1,7/24/2013,PROB,40.05197,-92.15712,Temperate Plains,MO,Y,-0.760359317,-1.384987531,1.21360671,-0.151530964
1002492,IARF-0005,2013,1,7/24/2013,HAND,40.83546,-93.856,Temperate Plains,IA,Y,-0.862415739,-1.669446533,0.265159091,-0.001087096
1002494,MNR9-0913,2013,1,7/24/2013,PROB,44.80659,-93.01163,Upper Midwest,MN,Y,-0.645193339,-1.055059436,0.871235065,0.172058661
1002495,MNR9-0901,2013,2,7/25/2013,PROB,44.13244,-91.72952,Upper Midwest,MN,N,-0.610833916,-1.263847981,1.243655502,0.110436655
1002496,TXS9-0933,2013,1,7/25/2013,PROB,30.6545,-97.92736,Southern Plains,TX,Y,-0.178963129,0.090995566,0.151522727,0.12732572
1002497,INRF-0002,2013,1,7/25/2013,HAND,39.3675,-86.06756,Temperate Plains,IN,Y,-0.749136614,-0.603493643,0.166668182,0.162319955
1002498,MTRO-1061,2013,1,7/24/2013,PROB,48.22178,-105.1217,Northern Plains,MT,Y,-0.862415739,0.210766618,1.242431818,-1.119706209
1002500,OHRF-0001,2013,1,7/26/2013,HAND,39.24005,-82.76363,Southern Appalachians,OH,Y,-0.771879741,-0.775602694,1.583386364,-0.23793557
1002501,ALS9-0916,2013,2,7/26/2013,PROB,33.26014982,-85.50357137,Southern Appalachians,AL,N,-1.626419331,-3.019728399,1.5,-1.911058926
1002502,IDRO-1033,2013,1,7/28/2013,PROB,47.3171,-116.3267,Western Mountains,ID,Y,-0.706938935,0.903423763,1.159131818,-0.157873199
1002503,IDRM-1011,2013,1,7/26/2013,PROB,48.16989,-116.7366,Western Mountains,ID,Y,-0.624752178,,3.442358009,-0.235382391
1002504,IDRO-1025,2013,1,7/27/2013,PROB,48.26628,-116.8605,Western Mountains,ID,Y,-0.687284247,0.000401941,1.257622727,-0.450606561
1002505,ALS9-0923,2013,1,7/28/2013,PROB,33.79214422,-86.13073021,Southern Appalachians,AL,Y,-0.663904301,-1.221115529,1.628818182,-0.22366209
1002506,NYS9-0925,2013,1,7/28/2013,PROB,44.8645,-74.128,Northern Appalachians,NY,Y,-0.234534655,0.124779035,0.234854545,-0.00656377
1002507,NDLS-1057,2013,1,7/25/2013,PROB,47.75863,-103.7374,Northern Plains,ND,Y,-0.493003268,-2.736680211,2.227309091,-1.106894235
1002508,NDSS-1108,2013,1,7/26/2013,PROB,47.58122,-102.831,Northern Plains,ND,Y,-1.378634852,-1.245895923,1.5,-0.795880017
1002509,NDSS-1111,2013,1,7/25/2013,PROB,47.82305,-103.9888,Northern Plains,ND,Y,-0.226147093,-3.048640405,1.1364,-0.089690978
1002510,ILLS-1074,2013,1,7/25/2013,PROB,42.10498,-89.16953,Temperate Plains,IL,Y,-1.132907664,-1.1230073,1.863722727,-1.22184875
1002511,MORF-0010,2013,1,7/25/2013,HAND,40.863,-91.66074,Temperate Plains,MO,Y,-0.424917171,-0.944185635,1.757640909,-0.472018776
1002512,ILRO-1027,2013,1,7/26/2013,PROB,40.8218,-88.37701,Temperate Plains,IL,Y,-1.837272689,-0.257375816,1.333395455,-1.010995384
1002513,NHR9-0902,2013,1,7/25/2013,PROB,43.06807,-72.4487,Northern Appalachians,NH,Y,-0.808396576,-2.728513141,0.386377273,-0.178218581
1002514,NYS9-0937,2013,1,7/29/2013,PROB,44.6575,-74.00524,Northern Appalachians,NY,Y,-0.162990586,-1.171983009,0.805595833,0.197739886
1002515,IAS9-0931,2013,1,7/29/2013,PROB,41.60742,-91.67085,Temperate Plains,IA,Y,-0.608423395,-2.427892101,1.00005,0.100370545
1002516,IDRO-1041,2013,1,7/29/2013,PROB,46.76034,-116.5153,Western Mountains,ID,Y,-0.600483603,-0.071043793,0.045454545,-0.053056729
1002517,RISS-1084,2013,1,7/29/2013,PROB,41.87916,-71.47102,Northern Appalachians,RI,Y,-0.128816392,0.089304142,0.166666667,0.131872517
1002518,ALRO-1021,2013,1,7/29/2013,PROB,33.58483,-87.09572,Southern Appalachians,AL,Y,-0.552137517,-2.815353007,2.431854545,0.103881433
1002519,IALS-1051,2013,1,7/29/2013,PROB,42.43728,-93.34563,Temperate Plains,IA,Y,-0.354756416,-2.354628375,1.348531818,-0.070697211
1002520,INLS-1044,2013,1,7/29/2013,PROB,39.70522,-87.07882,Temperate Plains,IN,Y,-0.244818352,0.021735487,0.871231818,-0.02082425
1002522,COSS-1097,2013,1,7/30/2013,PROB,39.88667,-104.9311,Southern Plains,CO,Y,-0.697000411,-2.057963706,4.613754545,-0.367220718
1002523,DES9-0912,2013,2,7/30/2013,PROB,39.80614,-75.46541,Southern Appalachians,DE,N,-0.538283248,0.331981644,2.242431818,-0.150831954
1002525,ILSS-1128,2013,1,7/30/2013,PROB,39.19463,-90.5695,Temperate Plains,IL,Y,-0.877039828,-2.13554158,1.394009091,-2
1002526,NYLS-1119,2013,1,7/30/2013,PROB,44.87431,-74.14309,Northern Appalachians,NY,Y,-0.430960677,0.030559919,0.148810714,0.013439157
1002527,MDR9-0902,2013,1,7/30/2013,PROB,39.59856,-77.88461,Southern Appalachians,MD,Y,-0.292429824,1.774450777,1.553077273,0.271366304
1002529,MORO-1055,2013,1,7/29/2013,HAND,38.96453,-91.62456,Temperate Plains,MO,Y,-0.592686366,-0.911318366,0.689418182,-0.288576254
1002530,MORF-0002,2013,1,7/30/2013,HAND,39.04244,-92.39665,Temperate Plains,MO,Y,-0.469102078,-1.155877976,1.242472727,-0.37068309
1002531,MTRM-1003,2013,1,7/30/2013,PROB,45.99139,-111.4634,Western Mountains,MT,Y,-0.316298164,0.539435994,2.045531818,-1.441405705
1002532,WIRF-0012,2013,1,7/30/2013,HAND,42.88488,-88.53879,Temperate Plains,WI,Y,-0.749136614,-1.219313617,0.522392641,-0.668480681
1002533,WAR9-0901,2013,2,7/30/2013,PROB,48.95608,-119.6933,Xeric,WA,N,-1.22184875,0.431706727,0.863677273,-0.33939321
1002534,NER9-0905,2013,1,7/30/2013,PROB,41.15205,-96.54845,Temperate Plains,NE,Y,-0.783714109,-2.490493887,0.734881818,-0.056977898
1002535,GAS9-0914,2013,1,7/30/2013,PROB,34.06955,-84.53635,Southern Appalachians,GA,Y,-0.483885483,-1.587733984,1.916709091,-0.280028744
1002536,IAS9-0920,2013,1,7/30/2013,PROB,41.85046,-94.02613,Temperate Plains,IA,Y,-0.668480681,-1.048428721,0.750013636,-0.002573898
1002537,OHRO-1032,2013,1,7/30/2013,PROB,41.17577,-80.72513,Northern Appalachians,OH,Y,-0.728580859,-2.656936934,1.537922727,-0.010590636
1002538,MIS9-0928,2013,1,7/30/2013,PROB,46.29206,-88.94179,Upper Midwest,MI,Y,-0.389630237,-1.572861599,0,-0.039767127
1002539,OKS9-0933,2013,1,7/30/2013,PROB,36.95135,-95.03539,Temperate Plains,OK,Y,-0.354756416,-1.576271147,0.227277273,0.064032335
1002540,KSR9-0901,2013,2,7/30/2013,PROB,39.87204,-95.02724,Temperate Plains,KS,N,-0.976934698,,1.456384199,-0.269805204
1002541,SDRO-1067,2013,1,7/30/2013,PROB,43.47996,-97.13014,Temperate Plains,SD,Y,-1.256062854,-1.54293,2.295531818,-1.719173392
1002542,OKR9-0912,2013,1,7/30/2013,PROB,33.91222,-95.54936,Coastal Plains,OK,Y,-0.756961951,-1.086992024,0.409090909,-0.279089322
1002543,WIRF-0013,2013,1,7/30/2013,HAND,44.329,-87.63524,Temperate Plains,WI,Y,-0.41453927,-0.585816702,0,-0.091514981
1002545,ALRM-1001,2013,1,7/30/2013,PROB,32.22869,-87.14828,Coastal Plains,AL,Y,-0.435549146,-2.715360063,1.5,-0.03664153
1002546,NHRM-1003,2013,1,7/30/2013,PROB,43.62451,-72.33184,Northern Appalachians,NH,Y,-0.541705603,-3.059992998,0.491352597,-0.18195415
1002547,CAS9-0914,2013,2,7/30/2013,PROB,36.96371,-119.2314,Xeric,CA,N,-0.541705603,-0.556583185,0,0.112345981
1002548,TXR9-0916,2013,1,7/30/2013,PROB,30.88169,-93.57254,Coastal Plains,TX,Y,-0.633152719,-1.270395292,0.090913636,-0.114664485
1002549,MNR9-0904,2013,1,7/30/2013,PROB,45.12479,-93.99624,Upper Midwest,MN,Y,-0.496085569,-1.220753259,0.386368182,0.159366642
1002550,NDS9-0943,2013,2,7/31/2013,PROB,47.09669,-101.8017,Northern Plains,ND,N,-0.424917171,-1.884108968,2.145479545,-1.010995384
1002551,NES9-0925,2013,1,7/31/2013,PROB,41.50319,-96.34988,Temperate Plains,NE,Y,-0.795880017,-0.419034408,1.060609091,-1.911058926
1002552,MTR9-0912,2013,1,7/31/2013,PROB,47.45161,-111.3013,Northern Plains,MT,Y,-0.556460454,-1.524393299,3.506975974,-0.26432853
1002553,ILSS-1125,2013,1,7/31/2013,PROB,40.1534,-89.91671,Temperate Plains,IL,Y,-0.616511048,-1.648302348,1.068231818,-0.243581256
1002554,KSRS-1280,2013,1,7/31/2013,PROB,38.93963,-94.98134,Temperate Plains,KS,Y,-1.016086822,-0.358417072,1.94705,-0.048618321
1002555,WYR9-0913,2013,1,7/31/2013,PROB,42.11494,-104.9852,Southern Plains,WY,Y,-0.92412139,-1.841909025,2,-0.513440727
1002556,IAS9-0918,2013,1,7/31/2013,PROB,40.87373,-95.5977,Temperate Plains,IA,Y,-0.701941243,-2.727261646,1.697054545,0.092864131
1002557,INS9-0920,2013,1,7/31/2013,PROB,38.71123,-87.17757,Temperate Plains,IN,Y,-0.976934698,-2.18349226,0.984872727,-0.588839621
1002558,LAS9-0950,2013,1,7/30/2013,PROB,30.17777,-93.05098,Coastal Plains,LA,Y,-1.160579093,-2.321596036,2.090909091,-1.837272689
1002559,LASS-1051,2013,1,7/31/2013,PROB,29.94629,-92.46156,Coastal Plains,LA,Y,-0.411983086,,2.742513636,-0.464763437
1002560,MILS-1057,2013,1,7/31/2013,PROB,46.33678,-89.67835,Upper Midwest,MI,Y,-0.616511048,-1.231439008,0,-0.083067753
1002561,NYS9-0926,2013,1,7/31/2013,PROB,43.53158,-74.55173,Northern Appalachians,NY,Y,-0.856464774,0.114217339,0,0.306559048
1002562,OHR9-0904,2013,1,7/30/2013,PROB,39.13619,-84.34206,Temperate Plains,OH,Y,-0.530177984,-0.307057016,1.098518182,-0.035033625
1002563,SDLS-1113,2013,1,7/31/2013,PROB,43.27772,-97.29453,Temperate Plains,SD,Y,-0.438248312,-2.286419095,2.304529437,-1.626419331
1002564,OHS9-0918,2013,1,7/31/2013,PROB,41.15906,-81.81774,Northern Appalachians,OH,Y,-0.760359317,0.481715616,1.287931818,-0.270724735
1002565,NVR9-0910,2013,2,8/1/2013,PROB,39.08216,-119.7573,Xeric,NV,N,-1.378634852,-2.575221172,1.007622727,-0.06036731
1002566,ARS9-0944,2013,1,7/31/2013,PROB,34.06488091,-93.44225956,Southern Appalachians,AR,Y,-0.727525465,0.387219895,1.00005,0.141449773
1002567,MTR9-0905,2013,1,8/1/2013,PROB,47.41435,-111.4986,Northern Plains,MT,Y,-0.81479278,-1.796286093,2.537936364,-0.577499695
1002568,WASS-1133,2013,1,7/31/2013,PROB,48.88244,-119.0718,Western Mountains,WA,Y,-0.570100974,-0.991257509,1.197018182,0.103881433
1002569,WYR9-0904,2013,1,8/1/2013,PROB,43.41402,-106.286,Northern Plains,WY,Y,-1.037071311,-2.928441584,5.053131818,-0.254463891
1002571,CTS9-0921,2013,2,7/31/2013,PROB,41.88046,-73.49702,Northern Appalachians,CT,N,-0.417110589,-0.343580275,2.393995455,-0.073026498
1002572,ILS9-0920,2013,1,8/1/2013,PROB,39.54833,-89.4336,Temperate Plains,IL,Y,-0.037716783,-1.111375392,0.795490909,-0.113381107
1002573,TXLS-1119,2013,1,8/1/2013,PROB,32.761,-94.30027,Coastal Plains,TX,Y,-0.449215928,-1.319383859,0.181818182,0.054560827
1002574,KSRS-1312,2013,1,8/1/2013,PROB,39.0018,-94.80367,Temperate Plains,KS,Y,-0.570100974,0.094884709,2.0607,-0.029188389
1002575,OHR9-0908,2013,1,8/1/2013,PROB,41.20854,-80.81059,Northern Appalachians,OH,Y,-0.83456681,-2.15684484,2.136427273,-0.209043469
1002577,MISS-1135,2013,1,8/1/2013,PROB,46.71527,-89.39489,Upper Midwest,MI,Y,-0.505465944,-0.39428894,0,0.130260649
1002578,NERO-1039,2013,1,8/1/2013,PROB,42.07903,-97.90916,Temperate Plains,NE,Y,-1.22184875,-1.723365201,0.651536364,-0.388421514
1002579,MNR9-0905,2013,1,7/31/2013,PROB,45.29729,-93.57205,Upper Midwest,MN,Y,-0.907853776,0.623573055,1.291889827,0.089664305
1002580,MNR9-0911,2013,1,8/1/2013,PROB,45.1924,-94.28959,Upper Midwest,MN,Y,-0.302414045,-1.743053651,0.687978355,0.118400018
1002581,OHRM-1004,2013,1,8/1/2013,PROB,39.68934,-84.25809,Temperate Plains,OH,Y,-0.284756577,0.226666081,0.901536364,-0.079497211
1002582,NYSS-1245,2013,1,8/2/2013,PROB,42.72312,-76.46325,Northern Appalachians,NY,Y,-0.417110589,-0.99018839,1.689445455,-0.075368345
1002583,NHS9-0912,2013,2,8/1/2013,PROB,43.14515,-71.18604,Northern Appalachians,NH,N,-0.469102078,-0.019146096,0.727295455,-0.283806884
1002584,MIS9-0936,2013,1,8/2/2013,PROB,46.945,-89.1526,Upper Midwest,MI,Y,-0.608423395,-1.996446757,0,-0.110825675
1002585,WYS9-0934,2013,1,8/2/2013,PROB,43.49248,-106.6606,Northern Plains,WY,Y,-0.435549146,-1.999430251,1.25,-0.777756616
1002586,MORF-0011,2013,1,8/1/2013,HAND,39.0342,-92.57338,Temperate Plains,MO,Y,-0.552137517,0.695101722,1.250045455,-0.12771126
1002587,LAS9-0946,2013,1,8/1/2013,PROB,29.90427,-92.116,Coastal Plains,LA,Y,-0.001582131,-0.540064582,1.447018182,0.065732453
1002588,OHLS-1070,2013,1,8/2/2013,PROB,41.12102,-81.51976,Northern Appalachians,OH,Y,-0.727525465,0.338626705,1.083368182,0.053253104
1002589,ALRM-1002,2013,1,8/2/2013,PROB,31.74166,-88.0956,Coastal Plains,AL,Y,-0.862415739,-2.073458021,1.674254545,-0.50388841
1002591,MORF-0012,2013,1,7/31/2013,HAND,38.53755,-92.3192,Temperate Plains,MO,Y,-0.229482704,0.13064232,1.556675758,-0.141845754
1002592,ALRF-0004,2013,1,8/4/2013,HAND,31.05288349,-87.8369997,Coastal Plains,AL,Y,-0.570100974,-1.039380522,1.136395455,0.344392274
1002593,CAS9-0925,2013,1,7/31/2013,PROB,38.06907,-122.5344,Xeric,CA,Y,-0.552137517,-0.513611387,1.553086364,0.190268014
1002594,CAS9-0928,2013,1,8/1/2013,PROB,38.83028,-122.9061,Xeric,CA,Y,-0.528175086,-0.821858427,0.303045455,-0.083665708
1002595,ILS9-0921,2013,1,8/2/2013,PROB,39.21622,-89.02056,Temperate Plains,IL,Y,-0.486903525,-1.5617248,1.189418182,-0.27256966
1002596,KYRO-1031,2013,1,8/4/2013,PROB,37.47149,-87.11365,Temperate Plains,KY,Y,-0.958607315,-3.427323466,0.848522727,-0.120487081
1002597,MTRM-1009,2013,1,7/30/2013,PROB,48.00585,-106.1089,Northern Plains,MT,Y,-1.132907664,-0.844833567,0.734859091,-0.608423395
1002598,NYLS-1122,2013,1,8/4/2013,PROB,42.54145,-76.30084,Northern Appalachians,NY,Y,-0.646066292,-0.587761591,0.560618182,0.172390614
1002602,WILS-1089,2013,1,7/31/2013,PROB,45.44761,-91.87864,Upper Midwest,WI,Y,-0.174514871,-1.466928167,0.697004545,0.195962516
1002603,WYRF-0002,2013,1,8/4/2013,HAND,42.95994,-104.1753,Northern Plains,WY,Y,-0.361510743,-2.039567612,1.898285065,-0.225317178
1002604,WIS9-0935,2013,1,8/1/2013,PROB,45.68021,-92.07058,Upper Midwest,WI,Y,-0.575844608,-1.312106271,0.120372222,0.119109193
1002606,NVRM-1007,2013,1,8/2/2013,PROB,38.43849,-119.0592,Xeric,NV,Y,-0.555671259,-0.354663326,0.280313636,0.101153199
1002607,MTR9-0916,2013,1,7/31/2013,PROB,48.00521,-105.9092,Northern Plains,MT,Y,-0.92412139,-0.848527763,1.128790909,-0.417110589
1002608,NYS9-0924,2013,1,8/5/2013,PROB,43.00711,-76.68105,Northern Appalachians,NY,Y,-0.284756577,-0.422056822,1.689404545,-0.376515765
1002609,NDR9-0905,2013,1,8/5/2013,PROB,46.22149,-101.5025,Northern Plains,ND,Y,-0.380053345,-0.477786971,1.560609091,-0.754711716
1002610,NCSS-1083,2013,1,8/4/2013,PROB,35.73299,-78.97088,Southern Appalachians,NC,Y,-0.548632296,-2.404138921,1.371277273,-0.220370718
1002611,VTRS-1012,2013,1,8/5/2013,PROB,43.31279,-72.77013,Northern Appalachians,VT,Y,-0.214670165,-0.558353215,0.121213636,-0.121138881
1002612,VTS9-0911,2013,1,8/5/2013,PROB,42.94639,-72.87178,Northern Appalachians,VT,Y,-0.219551758,-0.404667253,0.287886364,-0.032898971
1002613,RILS-1022,2013,1,8/5/2013,PROB,41.42111,-71.79528,Northern Appalachians,RI,Y,-0.087874604,-0.811417695,0.431818182,0.202822566
1002614,KSRS-1258,2013,1,8/5/2013,PROB,39.42137,-98.04703,Southern Plains,KS,Y,-0.659375643,-1.954646767,0.757613636,0.083193044
1002615,OKRO-1087,2013,1,8/5/2013,PROB,34.85247,-94.61724,Southern Appalachians,OK,Y,-0.515053408,0.730386309,0.7197,0.227477682
1002616,UTS9-0930,2013,1,8/5/2013,PROB,39.7883,-111.1081,Western Mountains,UT,Y,-0.417110589,-2.111161332,0.515177273,-0.217918456
1002617,WYR9-0907,2013,1,8/5/2013,PROB,43.34957,-104.2957,Northern Plains,WY,Y,-0.783714109,-1.288784417,1.113659091,-0.539991054
1002618,NYS9-0923,2013,1,8/6/2013,PROB,42.93689,-76.61918,Northern Appalachians,NY,Y,-0.160008028,-2.7321514,0.454559091,0.248864584
1002619,KYRO-1029,2013,1,8/5/2013,PROB,36.90474,-86.39364,Southern Appalachians,KY,Y,-0.808396576,-0.634002512,1.106113636,-0.092124689
1002620,MIS9-0933,2013,1,8/6/2013,PROB,42.94238,-82.48533,Temperate Plains,MI,Y,-0.83456681,1.147162307,0.553031818,0.05281632
1002621,ALR9-0901,2013,1,8/5/2013,PROB,34.95092177,-87.042028,Southern Appalachians,AL,Y,-0.222836906,-1.502992117,1.916690909,0.054560827
1002622,PAR9-0902,2013,1,8/6/2013,PROB,41.47516,-79.51793,Northern Appalachians,PA,Y,-0.293204658,0.698776696,1.166709091,-0.011603214
1002623,MTR9-0908,2013,1,8/6/2013,PROB,44.97626,-112.9966,Western Mountains,MT,Y,-0.869666232,-2.069871901,1.772740909,-1.428608832
1002624,NDRO-1020,2013,1,8/6/2013,PROB,46.75123,-102.3682,Northern Plains,ND,Y,-0.246556227,-0.894386969,1.757581818,-0.570100974
1002625,GAS9-0925,2013,1,8/6/2013,PROB,32.97839,-84.87332,Southern Appalachians,GA,Y,0.023439534,-1.204002238,0,0.075381042
1002626,NHRO-1031,2013,1,8/6/2013,PROB,42.95269,-71.94206,Northern Appalachians,NH,Y,-0.404403583,-1.603388883,0.075759091,-0.265236527
1002629,INRO-1027,2013,1,8/6/2013,PROB,40.31368,-87.27048,Temperate Plains,IN,Y,-0.68250648,-0.301930505,0.060609091,0.320287942
1002630,UTRF-0003,2013,1,8/6/2013,HAND,38.40757,-109.3973,Xeric,UT,Y,-0.016701823,-0.737696861,0.469713636,-0.009580414
1002631,MOS9-0939,2013,1,8/6/2013,PROB,39.71145,-94.15728,Temperate Plains,MO,Y,-0.841363419,-1.218136955,1.280345455,-0.417110589
1002632,ILLS-1067,2013,1,8/6/2013,PROB,37.16191,-88.71408,Temperate Plains,IL,Y,-1.378634852,-0.779271528,0.848513636,-0.203488741
1002633,KYLS-1055,2013,1,8/6/2013,PROB,37.25659,-87.59639,Temperate Plains,KY,Y,-0.668480681,-3.020885077,0.833368182,-0.083665708
1002634,VTRS-1008,2013,1,8/6/2013,PROB,42.96758,-72.80919,Northern Appalachians,VT,Y,-0.401906196,-0.630393776,0.075759091,-0.049723678
1002635,OKR9-0907,2013,1,8/6/2013,PROB,34.63573,-95.12159,Southern Appalachians,OK,Y,-0.608423395,0.552168037,0.742454545,0.227477682
1002636,TXS9-0929,2013,1,8/6/2013,PROB,32.46104,-94.70198,Coastal Plains,TX,Y,-0.648622477,-1.859052383,1.0625125,-0.505729424
1002637,OKLS-1176,2013,1,8/6/2013,PROB,34.06699,-94.90529,Coastal Plains,OK,Y,-0.862415739,1.866866985,0,0.038150322
1002642,NYS9-0932,2013,1,8/7/2013,PROB,43.01567,-76.85464,Northern Appalachians,NY,Y,0.204982779,-2.971487097,1,0.087652375
1002643,CORF-0001,2013,1,8/6/2013,HAND,40.13083,-105.7674,Western Mountains,CO,Y,-0.55923399,-0.440777848,1.348504545,-0.46046771
1002644,KSRS-1306,2013,1,8/6/2013,PROB,39.03621,-98.23066,Southern Plains,KS,Y,-0.687284247,-2.600241014,0.818222727,-0.318347694
1002645,MISS-1132,2013,1,8/7/2013,PROB,42.63643,-82.58948,Temperate Plains,MI,Y,-0.687284247,-1.150790985,0.363645455,0.158225383
1002646,WYS9-0930,2013,1,8/6/2013,PROB,43.94402,-105.4367,Northern Plains,WY,Y,-0.515053408,-2.35409638,2.901581818,-0.986396824
1002647,MNS9-0927,2013,1,8/5/2013,PROB,43.76482,-94.04071,Temperate Plains,MN,Y,-0.697000411,-2.36685868,0.878818182,-0.149437302
1002648,MNLS-1105,2013,1,8/5/2013,HAND,44.49206,-95.87258,Temperate Plains,MN,Y,-0.69406267,-0.759432409,0.393959091,-1.911058926
1002649,NHR9-0904,2013,1,8/7/2013,PROB,43.19317,-71.52351,Northern Appalachians,NH,Y,-0.892173573,-2.031338155,1.378822727,-0.04041662
1002651,CTS9-0916,2013,1,8/7/2013,PROB,41.38092,-72.78025,Northern Appalachians,CT,Y,-0.26071541,-0.19113652,0,0.067848283
1002652,VTRF-0003,2013,1,8/7/2013,HAND,43.32959,-72.7984,Northern Appalachians,VT,Y,-0.10137453,-0.532814916,0.39395,-0.130368316
1002653,UTS9-0927,2013,1,8/7/2013,PROB,39.1334,-110.9467,Xeric,UT,Y,-0.600483603,-1.45892187,1.159090909,-0.186479663
1002654,MTLS-1131,2013,1,8/7/2013,PROB,44.89928,-112.2601,Western Mountains,MT,Y,-0.877039828,-0.88034604,0.363654545,-0.289536445
1002655,ILLS-1069,2013,1,8/7/2013,PROB,37.95013,-89.42698,Temperate Plains,IL,Y,-0.345911009,-2.395136525,0.310618182,-0.108285191
1002656,IDR9-0901,2013,2,8/7/2013,PROB,42.57566,-113.6292,Xeric,ID,N,-0.592686366,-0.795746087,2.871331818,-0.426232021
1002657,NERF-0005,2013,1,8/6/2013,HAND,42.69681,-97.78765,Temperate Plains,NE,Y,-0.588839621,-1.254755293,1.893959091,-0.222836906
1002658,NES9-0926,2013,1,8/7/2013,PROB,42.58964,-97.87222,Temperate Plains,NE,Y,-0.795880017,-1.541612272,1.583336364,-0.581246868
1002661,TXRO-1080,2013,1,8/7/2013,PROB,31.49309,-94.83198,Coastal Plains,TX,Y,-0.406915415,-1.321081389,0,-0.115951666
1002662,INS9-0918,2013,2,8/8/2013,PROB,39.18727,-85.3494,Temperate Plains,IN,N,-0.359247609,-0.959243702,0.74245,-0.344817893
1002663,NYS9-0934,2013,1,8/8/2013,PROB,42.74127,-76.4744,Northern Appalachians,NY,Y,-0.170111712,-1.222539132,0.545481818,0.029014637
1002664,MOLS-1088,2013,1,8/7/2013,PROB,40.0218,-95.2643,Temperate Plains,MO,Y,-0.986396824,-2.328380772,2.045486364,-0.905578788
1002665,OHRF-0003,2013,1,8/7/2013,HAND,39.72161,-83.88091,Temperate Plains,OH,Y,-0.419697223,0.168435635,0.151522727,0.126957455
1002666,NJSS-1077,2013,1,8/8/2013,PROB,40.70016,-74.78779,Northern Appalachians,NJ,Y,-0.279089322,-0.497554747,3.985366234,-0.139798157
1002667,WYRO-1032,2013,1,8/8/2013,PROB,44.80369,-105.3685,Northern Plains,WY,Y,-0.633152719,-1.078442542,1.318181818,-0.45480538
1002668,IDRO-1039,2013,1,8/8/2013,PROB,42.90106,-112.505,Xeric,ID,Y,-0.760359317,-2.125725527,1.272790909,-0.41453927
1002669,MNR9-0914,2013,1,8/6/2013,PROB,43.90668,-94.0603,Temperate Plains,MN,Y,,,,
1002670,MNRO-1055,2013,1,8/7/2013,PROB,43.52059,-93.00273,Temperate Plains,MN,Y,-0.306193137,-1.486905562,0.469713636,0.132812542
1002671,NVLS-1067,2013,1,8/6/2013,PROB,41.88354,-115.4309,Xeric,NV,Y,-0.419697223,-0.002561179,0.765154545,0.119900432
1002672,SDS9-0942,2013,1,8/6/2013,PROB,43.90549,-96.48497,Temperate Plains,SD,Y,-0.783714109,-1.121772541,0.977295455,-2
1002673,ILSS-1130,2013,1,8/8/2013,PROB,38.7142,-87.59376,Temperate Plains,IL,Y,-1.333822512,-2.04828794,1.151568182,-0.986396824
1002674,KYR9-0905,2013,1,8/8/2013,PROB,37.29116,-85.59289,Southern Appalachians,KY,Y,-0.869666232,0.111676138,1.57148658,-0.289536445
1002675,MOS9-0937,2013,1,8/8/2013,PROB,39.69717,-94.88073,Temperate Plains,MO,Y,-0.958607315,-2.87005028,1.848536364,-0.384815394
1002676,MTS9-0928,2013,1,8/8/2013,PROB,45.53162,-112.1075,Western Mountains,MT,Y,0.185464885,-0.73836445,0.280313636,0.093262457
1002677,PARM-1004,2013,1,8/8/2013,PROB,41.8337,-79.17312,Northern Appalachians,PA,Y,-0.496704662,0.383385984,1.363038117,-0.093958964
1002678,PARM-1008,2013,1,8/7/2013,PROB,41.68358,-79.3751,Northern Appalachians,PA,Y,-0.732828272,0.328314348,1.030345455,-0.119186408
1002679,MNRF-0008,2013,1,8/7/2013,HAND,44.90591,-96.31696,Temperate Plains,MN,Y,-0.37769176,-1.695265817,0,-0.602454985
1002684,WYRO-1036,2013,1,8/9/2013,PROB,44.07423,-105.2546,Northern Plains,WY,Y,-1.190134333,-3.378158223,1.871227273,-0.325598187
1002685,KYS9-0925,2013,1,8/9/2013,PROB,37.25037,-87.24123,Temperate Plains,KY,Y,-0.677780705,-1.524666193,2.068254545,-0.019273751
1002686,KYRF-0002,2013,1,8/8/2013,HAND,37.58632,-86.61974,Temperate Plains,KY,Y,-0.493003268,-0.990975999,0,0.077863204
1002687,IDRO-1031,2013,1,8/9/2013,PROB,43.14662,-112.4308,Xeric,ID,Y,-0.802093205,-1.070878342,1.962136364,-0.771879741
1002688,UTLS-1058,2013,1,8/8/2013,PROB,39.78573,-110.1786,Xeric,UT,Y,-0.019789969,-1.779460015,0.33335,-0.035033625
1002689,TXR9-0914,2013,1,8/8/2013,PROB,31.93453,-95.43336,Coastal Plains,TX,Y,-0.368371778,-1.504596276,1.068204545,-0.107652386
1002690,NYLS-1121,2013,1,8/11/2013,PROB,42.79641,-75.86431,Northern Appalachians,NY,Y,-0.054173455,-0.780245371,2.09855,0.042647095
1002691,NCR9-0905,2013,1,8/9/2013,PROB,35.458,-77.675,Coastal Plains,NC,Y,-0.083067753,-0.604003099,1.613681818,0.026236032
1002692,NCLS-1038,2013,1,8/8/2013,PROB,35.43982,-78.02565,Coastal Plains,NC,Y,-0.16287089,-0.239248759,0.808822511,0.011108878
1002693,KYS9-0920,2013,1,8/11/2013,PROB,37.20463,-83.52786,Southern Appalachians,KY,Y,-0.907853776,-1.268961596,0.6667,0.079510133
1002694,WYS9-0935,2013,1,8/11/2013,PROB,44.74978,-104.9555,Northern Plains,WY,Y,-0.596567486,-2.444548584,1.197013636,-1.160579093
1002695,IDRM-1023,2013,1,8/10/2013,PROB,43.61997,-111.6627,Xeric,ID,Y,-0.738196627,0.516809953,1.697018182,-0.108918921
1002696,IDRO-1029,2013,1,8/11/2013,PROB,44.40736,-111.584,Xeric,ID,Y,-1.22184875,-1.618392494,1.068181818,-0.877039828
1002697,NELS-1073,2013,1,8/12/2013,PROB,40.19518,-96.22861,Temperate Plains,NE,Y,-0.892173573,-1.005687097,0.750031818,-0.150134068
1002698,NCRF-0004,2013,1,8/11/2013,HAND,36.25938,-77.88205,Southern Appalachians,NC,Y,-0.173042186,-0.546256116,0.272740909,-0.145280016
1002699,ORLS-1093,2013,1,8/12/2013,PROB,45.56444,-123.5731,Western Mountains,OR,Y,-0.92412139,-0.183630041,1.977354545,-0.1522311
1002700,NYR9-0910,2013,1,8/12/2013,PROB,43.13767,-76.29551,Northern Appalachians,NY,Y,-0.821284597,-1.73962898,1.636386364,0.075795722
1002701,KYRF-0001,2013,1,8/12/2013,HAND,37.08669,-83.60243,Southern Appalachians,KY,Y,-1.059121453,-0.477062392,0.6667,0.171726454
1002702,OKS9-0937,2013,1,8/12/2013,PROB,34.27513,-97.19231,Southern Plains,OK,Y,-0.996069706,-0.963184184,1.363636364,-0.023941956
1002703,ARR9-0908,2013,1,8/12/2013,PROB,33.61703373,-93.86000774,Coastal Plains,AR,Y,-1.132907664,2.280445583,1.037913636,0.080741243
1002704,OKRO-1086,2013,1,8/12/2013,PROB,34.19471,-95.84755,Coastal Plains,OK,Y,-0.46620484,-1.103194839,0,-0.001582131
1002705,IDRO-1036,2013,1,8/12/2013,PROB,43.01416,-114.2107,Xeric,ID,Y,-0.541705603,-2.999882036,0.772759091,-0.432866652
1002706,DER9-0903,2013,2,8/12/2013,PROB,38.61817,-75.63092,Coastal Plains,DE,N,-0.565086497,-1.727183196,1.439395455,-0.075955785
1002707,CAS9-0918,2013,1,8/12/2013,PROB,39.90521,-121.0466,Western Mountains,CA,Y,-0.422299355,-0.862998943,0,-0.001582131
1002709,KYSS-1077,2013,1,8/13/2013,PROB,36.68126,-84.70198,Southern Appalachians,KY,Y,-0.808396576,-0.728847109,1.106109091,0.048865368
1002710,NYS9-0931,2013,1,8/13/2013,PROB,42.90824,-75.4783,Northern Appalachians,NY,Y,0.188672866,-1.688497674,1.439440909,0.109670568
1002711,NCR9-0901,2013,1,8/12/2013,PROB,36.48171,-77.65994,Southern Appalachians,NC,Y,-0.16402134,0.091342168,1.962154545,0.090466475
1002712,ILR9-0902,2013,2,8/13/2013,PROB,41.48585,-89.84848,Temperate Plains,IL,N,-1.293204657,-1.495975887,2.492490909,-0.521564691
1002713,ARLS-1046,2013,1,8/13/2013,PROB,33.99517,-93.38717,Coastal Plains,AR,Y,-0.941022138,-0.566924703,0.228724892,-0.107020501
1002714,TXS9-0934,2013,1,8/13/2013,PROB,28.8784,-96.28717,Coastal Plains,TX,Y,-0.277216553,-0.220154692,1.121218182,-0.353640838
1002715,OKRM-1004,2013,1,8/13/2013,PROB,33.87907,-95.91292,Coastal Plains,OK,Y,-1.22184875,-1.038463774,0.068181818,-0.335101728
1002716,OKLS-1182,2013,1,8/13/2013,PROB,34.75613,-96.38302,Southern Appalachians,OK,Y,-0.81479278,-1.146511775,0.522740909,-0.035033625
1002717,MNR9-0918,2013,1,8/13/2013,PROB,44.94299,-95.77757,Temperate Plains,MN,Y,-0.996069706,-2.324917715,0.340913636,0.098407718
1002718,MNRM-1011,2013,1,8/12/2013,PROB,44.29199,-94.42179,Temperate Plains,MN,Y,-1.160579093,-2.202461657,0.448424892,0.155818932
1002719,MILS-1058,2013,1,8/13/2013,PROB,43.91048,-85.82958,Upper Midwest,MI,Y,-0.352528117,-1.320468207,0,0.029014637
1002720,SDS9-0939,2013,1,8/13/2013,PROB,43.07013,-98.8004,Northern Plains,SD,Y,-1.190134333,-2.691973981,1.181877273,-0.524857311
1002721,VTRS-1002,2013,1,8/14/2013,PROB,43.91462,-72.45775,Northern Appalachians,VT,Y,-0.221191226,-1.271530492,0.765186364,-0.027082204
1002722,DERO-1005,2013,1,8/13/2013,PROB,38.64932,-75.58961,Coastal Plains,DE,Y,-0.332971785,-0.475528631,1.522736364,-0.160008028
1002724,ORLS-1097,2013,1,8/14/2013,PROB,44.79838,-122.4811,Western Mountains,OR,Y,-0.518762179,0.224810043,1.285757143,-0.108333907
1002725,NYRO-1058,2013,1,8/14/2013,PROB,43.16468,-76.25831,Northern Appalachians,NY,Y,-0.066650781,-3.051439073,1.636386364,0.187071838
1002726,WIS9-0927,2013,2,8/12/2013,PROB,44.94776,-91.55695,Upper Midwest,WI,N,-0.435549146,-1.092116699,0.6667,-0.232001334
1002727,WILS-1090,2013,1,8/13/2013,PROB,44.94887,-91.12384,Upper Midwest,WI,Y,-0.389630237,1.111340585,0.287886364,-0.112101512
1002728,KYS9-0923,2013,1,8/14/2013,PROB,37.29618,-83.06281,Southern Appalachians,KY,Y,-0.760359317,0.122576337,3.659163636,-0.206654167
1002729,MISS-1134,2013,1,8/14/2013,PROB,44.01722,-85.75155,Upper Midwest,MI,Y,-0.302216053,-1.288348562,0,-0.019273751
1002730,ARS9-0944,2013,2,8/14/2013,PROB,34.06488091,-93.44225956,Southern Appalachians,AR,N,-0.524857311,0.762083717,0.909136364,0.130626124
1002732,NES9-0921,2013,2,8/14/2013,PROB,42.8028,-100.5568,Northern Plains,NE,N,-0.173042186,-2.398641775,0,-0.269805204
1002733,VARF-0005,2013,1,8/14/2013,HAND,37.83979,-80.12245,Southern Appalachians,VA,Y,-0.659375643,-0.215446203,1.401563636,0.084819921
1002739,MTRO-1062,2013,1,8/14/2013,PROB,45.56153,-107.4351,Northern Plains,MT,Y,-0.996069706,0.226246764,0.106063636,-0.552137517
1002740,TXRM-1010,2013,1,8/14/2013,PROB,28.89089,-97.13556,Coastal Plains,TX,Y,-0.375342947,-0.419475832,0.234854545,-0.071860293
1002741,MNLS-1094,2013,1,8/14/2013,PROB,44.66968,-94.45606,Temperate Plains,MN,Y,-0.875555061,-1.860322166,0.969731818,-0.976934698
1002742,NYSS-1238,2013,1,8/15/2013,PROB,43.12556,-75.58383,Northern Appalachians,NY,Y,-0.899942911,-0.153454631,1.121259091,0.110819192
1002743,VTRS-1003,2013,1,8/15/2013,PROB,44.21852,-72.26004,Northern Appalachians,VT,Y,-0.348105528,0.119166839,0.590922727,-0.105130343
1002744,WASS-1145,2013,1,8/14/2013,PROB,47.09155,-120.5538,Xeric,WA,Y,-0.488673784,-0.946018014,2.229216667,-0.083765448
1002745,ILRF-0002,2013,1,8/15/2013,HAND,39.26608,-87.69995,Temperate Plains,IL,Y,-0.641718964,-1.240336868,0.272740909,-0.003567934
1002746,KYLS-1054,2013,1,8/15/2013,PROB,37.5641,-82.45177,Southern Appalachians,KY,Y,-0.892173573,-3.355196361,2.250072727,-0.023941956
1002747,CAS9-0927,2013,1,8/13/2013,PROB,40.07704,-121.5625,Western Mountains,CA,Y,-0.46046771,-0.422397749,0.704559091,0.015892959
1002748,CAS9-0916,2013,2,8/14/2013,PROB,39.46674,-120.9644,Western Mountains,CA,N,-0.528175086,0.567510562,0,-0.014145037
1002749,MNR9-0910,2013,1,8/15/2013,PROB,44.85127,-93.98283,Upper Midwest,MN,Y,-0.101686277,-1.710275272,0.4305625,0.111010335
1002750,ORS9-0932,2013,2,8/15/2013,PROB,45.21177,-121.8471,Western Mountains,OR,N,0.026607541,-0.424267046,0.060609091,-0.109765334
1002751,NHSS-1068,2013,1,8/15/2013,PROB,43.68735,-71.61899,Northern Appalachians,NH,Y,-0.727525465,-1.463373393,1.257613636,-0.271646218
1002752,KYLS-1053,2013,1,8/16/2013,PROB,37.04282,-84.04663,Southern Appalachians,KY,Y,-0.585026652,-2.394230448,1.9622,-0.171574477
1002753,NYRO-1057,2013,1,8/18/2013,PROB,42.76741,-77.83879,Northern Appalachians,NY,Y,-0.304200043,-0.343278384,0.318195455,0.053253104
1002754,KYSS-1078,2013,1,8/18/2013,PROB,36.76687,-89.08165,Coastal Plains,KY,Y,-0.892173573,-3.400474075,2.098518182,-0.411983086
1002755,DESS-1090,2013,1,8/19/2013,PROB,39.19811,-75.57552,Coastal Plains,DE,Y,-0.41689573,-1.216297408,0.4722375,-0.358401965
1002756,NYSS-1237,2013,1,8/19/2013,PROB,43.24839,-78.23876,Northern Appalachians,NY,Y,-0.711994806,-1.003118415,0.287886364,0.246353075
1002757,PARM-1006,2013,1,8/19/2013,PROB,41.38492,-75.80537,Northern Appalachians,PA,Y,-1.485090181,0.890984628,1.030345022,-0.244818352
1002758,KYS9-0926,2013,1,8/19/2013,PROB,38.82073,-84.70514,Southern Appalachians,KY,Y,-1.037071311,-0.40847925,1.704609091,-0.131702965
1002759,OHR9-0905,2013,1,8/19/2013,PROB,39.46603,-81.48059,Southern Appalachians,OH,Y,-0.209842833,-0.137873917,2.312107576,0.007243303
1002760,MTS9-0923,2013,2,8/19/2013,PROB,45.83769,-110.0458,Northern Plains,MT,N,-0.717110229,-1.914833351,1.901531818,-0.808396576
1002761,MILS-1060,2013,1,8/19/2013,PROB,46.71457,-87.84176,Upper Midwest,MI,Y,-0.348105528,0.288576065,0,0.024840034
1002762,OKS9-0932,2013,2,8/19/2013,PROB,35.74931,-97.13433,Southern Plains,OK,N,-0.717110229,-1.196261947,0.340909091,-0.297295374
1002763,KSS9-0938,2013,1,8/19/2013,PROB,39.55417,-99.74415,Southern Plains,KS,Y,-0.214670165,-2.539312308,1.916681818,-0.073610777
1002764,IAS9-0918,2013,2,8/19/2013,PROB,40.87373,-95.5977,Temperate Plains,IA,N,-0.68250648,-2.975541215,1.66675,0.106592636
1002765,SDS9-0937,2013,1,8/19/2013,PROB,43.24112,-99.18716,Northern Plains,SD,Y,-1.037071311,-1.728185444,0.727290909,-0.486903525
1002766,MIS9-0937,2013,1,8/20/2013,PROB,46.78712,-88.7409,Upper Midwest,MI,Y,-0.34155496,-0.188953536,0.030304545,-0.089690978
1002767,OHR9-0902,2013,1,8/20/2013,PROB,40.26612,-81.87411,Southern Appalachians,OH,Y,-0.628932138,0.105480145,1.532522294,-0.27256966
1002768,NYLS-1118,2013,1,8/20/2013,PROB,42.97868,-77.5953,Northern Appalachians,NY,Y,-0.078313525,-0.507819576,0.863645455,-0.114664485
1002769,MORF-0007,2013,1,8/20/2013,HAND,36.79537,-91.334,Southern Appalachians,MO,Y,-0.180456064,0.174910828,0.242436364,-0.220370718
1002770,MTS9-0944,2013,1,8/20/2013,PROB,45.9935,-110.7353,Northern Plains,MT,Y,-0.659375643,-1.109236198,2.000018182,-0.297295374
1002771,MNLS-1097,2013,1,8/19/2013,PROB,44.24285,-93.62669,Upper Midwest,MN,Y,-0.749136614,-1.596606905,0.74245,0.08278537
1002772,MNS9-0927,2013,2,8/20/2013,PROB,43.76482,-94.04071,Temperate Plains,MN,N,-0.668480681,-2.217773041,1.227309091,-0.170842479
1002773,KSRS-1338,2013,1,8/20/2013,PROB,39.89553,-98.19393,Southern Plains,KS,Y,-0.562826189,-3.072793267,1.136413636,-0.273495069
1002774,OKRM-1001,2013,1,8/20/2013,PROB,33.78372,-96.17145,Coastal Plains,OK,Y,-0.463326801,-0.83726091,0.136363636,-0.018243151
1002775,ORS9-0933,2013,1,8/20/2013,PROB,43.61499,-122.7665,Western Mountains,OR,Y,-0.616511048,-1.092861983,0.242427273,0.076623896
1002776,SDSS-1186,2013,1,8/20/2013,PROB,44.68489,-98.29677,Temperate Plains,SD,Y,-1.485090181,-2.32068557,1,-2
1002777,TXRO-1074,2013,1,8/20/2013,PROB,30.83924,-96.72312,Coastal Plains,TX,Y,-0.419697223,-1.335225553,0.181827273,-0.126388803
1002778,WILS-1087,2013,1,8/19/2013,PROB,43.92827,-89.90295,Upper Midwest,WI,Y,-0.022900232,-1.384195165,0.757613636,-0.453401258
1002779,WIS9-0924,2013,1,8/20/2013,PROB,44.219,-90.21632,Upper Midwest,WI,Y,-0.469102078,-1.160393818,0.287881818,-0.157873199
1002781,NHSS-1067,2013,1,8/20/2013,PROB,42.75674,-72.46335,Northern Appalachians,NH,Y,-0.61732816,-0.743909143,0,-0.144590987
1002782,MORF-0003,2013,1,8/21/2013,HAND,37.14883,-91.44888,Southern Appalachians,MO,Y,-0.633577043,0.208876418,0.727295455,-0.288576254
1002783,DES9-0908,2013,1,8/21/2013,PROB,39.20764,-75.74853,Coastal Plains,DE,Y,-0.382427842,-1.563815003,0.363654545,-0.194128583
1002784,NYR9-0915,2013,1,8/21/2013,PROB,42.85984,-77.84331,Northern Appalachians,NY,Y,-0.422299355,-3.0101901,0.818218182,0.067003188
1002785,WYS9-0932,2013,1,8/21/2013,PROB,42.54689,-109.1164,Xeric,WY,Y,-0.528175086,-1.53122917,1.560609091,-0.149437302
1002786,WYRO-1038,2013,1,8/20/2013,PROB,42.50246,-108.2566,Xeric,WY,Y,-0.592686366,-0.441632516,1.954554545,-0.325598187
1002787,WAS9-0915,2013,1,8/20/2013,PROB,46.13171,-121.5873,Western Mountains,WA,Y,-0.532638583,-1.894843062,0,-0.046562485
1002788,PAR9-0903,2013,1,8/21/2013,PROB,41.92258,-77.12923,Northern Appalachians,PA,Y,-1.160579093,0.853785667,1.2349,-0.149437302
1002789,OKRF-0001,2013,1,8/20/2013,HAND,34.24831,-96.72079,Southern Plains,OK,Y,-0.573784579,1.778673811,0,-0.277216553
1002790,MIS9-0932,2013,1,8/21/2013,PROB,46.05777,-87.24736,Upper Midwest,MI,Y,-0.087874604,0.061489394,0,0.246912445
1002791,OHR9-0903,2013,1,8/21/2013,PROB,40.58128,-81.39514,Southern Appalachians,OH,Y,-0.518296847,-0.894384896,1.005822294,-0.66163407
1002792,IDRM-1013,2013,1,8/21/2013,PROB,44.38713,-114.2643,Western Mountains,ID,Y,-0.976934698,0.472077657,2.083368182,-0.410710614
1002793,ORSS-1168,2013,1,8/21/2013,PROB,42.85641,-123.1434,Western Mountains,OR,Y,-0.267971962,-1.307651976,1.151572727,0.163676279
1002794,KSS9-0936,2013,1,8/21/2013,PROB,39.28797,-97.41126,Southern Plains,KS,Y,-0.401906196,-2.247132928,2.250077273,-0.070116836
1002795,MTS9-0946,2013,1,8/21/2013,PROB,46.32795,-110.6049,Northern Plains,MT,Y,-0.570100974,-1.216665042,1.81747619,0.010145706
1002796,WILS-1088,2013,1,8/21/2013,PROB,42.72299,-88.31107,Temperate Plains,WI,Y,-0.273495069,-1.524966353,0.212122727,-0.083067753
1002801,TXLS-1123,2013,1,8/21/2013,PROB,31.12623,-96.24693,Coastal Plains,TX,Y,-0.294369507,-1.111738274,0.6667,-0.162153403
1002829,SDR9-0904,2013,1,8/21/2013,PROB,45.00144,-98.63766,Temperate Plains,SD,Y,-1.428608832,-1.567219782,1,-2
1002836,CTS9-0916,2013,2,8/21/2013,PROB,41.38092,-72.78025,Northern Appalachians,CT,N,-0.203488741,-0.231214012,0,0.103881433
1002837,ARS9-0949,2013,1,8/22/2013,PROB,36.11488648,-91.96699076,Southern Appalachians,AR,Y,-0.766081332,-0.007543395,1.197018182,0.11386742
1002838,ARS9-0950,2013,1,8/21/2013,PROB,35.51270345,-91.61686914,Southern Appalachians,AR,Y,-1.016086822,0.530458497,0,-0.007065091
1002840,MORF-0008,2013,1,8/22/2013,HAND,36.86549,-92.45706,Southern Appalachians,MO,Y,-0.404403583,0.759427049,0.075759091,-0.171574477
1002841,MTSS-1292,2013,1,8/22/2013,PROB,46.07532,-110.0509,Northern Plains,MT,Y,-0.541705603,-0.690132505,1.106109091,-0.602454985
1002842,PARO-1050,2013,1,8/22/2013,PROB,41.45998,-77.5098,Northern Appalachians,PA,Y,-0.424042811,1.434655666,1.020875,-0.213929174
1002843,IDR9-0913,2013,1,8/22/2013,PROB,44.42427,-114.235,Western Mountains,ID,Y,-0.548632296,0.213156769,1.871268182,-0.151530964
1002844,NYS9-0927,2013,1,8/22/2013,PROB,42.67849,-77.70648,Northern Appalachians,NY,Y,-0.024986184,-2.447856217,0,-0.03664153
1002845,ORSS-1173,2013,1,8/19/2013,PROB,43.841,-122.8208,Western Mountains,OR,Y,-0.359247609,-0.650614799,0,0.103881433
1002846,MISS-1137,2013,1,8/22/2013,PROB,45.84948,-87.11052,Upper Midwest,MI,Y,-0.404403583,-0.433689555,0,-0.175253091
1002847,KYR9-0905,2013,2,8/22/2013,PROB,37.29116,-85.59289,Southern Appalachians,KY,N,-0.783714109,-0.017340527,1.272781818,-0.18195415
1002854,CAS9-0919,2013,1,8/22/2013,PROB,38.27113,-119.3317,Xeric,CA,Y,-0.26071541,-1.336653757,0.272740909,-0.04751577
1002855,CAS9-0924,2013,1,8/21/2013,PROB,37.56388,-118.7548,Xeric,CA,Y,-0.300241086,-1.577692777,0.060609091,0.130626124
1002856,WISS-1166,2013,1,8/22/2013,PROB,42.95101,-90.349,Upper Midwest,WI,Y,-0.050831855,-1.821374048,0.80305,-1.911058926
1002857,MNR9-0903,2013,1,8/21/2013,PROB,43.7194,-95.04622,Temperate Plains,MN,Y,-0.534887652,-1.441085585,0.2197,0.092864131
1002858,NYSS-1253,2013,1,8/23/2013,PROB,42.60283,-78.19505,Northern Appalachians,NY,Y,0.065237272,-1.215292027,0.638908333,-0.0038168
1002859,WAS9-0925,2013,1,8/22/2013,PROB,47.06727,-123.8236,Western Mountains,WA,Y,-0.808396576,0.445474682,1.053072727,0.099586478
1002860,KYS9-0925,2013,2,8/23/2013,PROB,37.25037,-87.24123,Temperate Plains,KY,N,-0.717110229,-1.547472,2.303122727,0.047982476
1002861,MTSS-1265,2013,1,8/21/2013,PROB,48.94596,-114.0254,Western Mountains,MT,Y,-0.046416011,-1.277557845,0,0.170061595
1002862,UTR9-0901,2013,2,8/20/2013,PROB,37.22372,-109.2087,Xeric,UT,N,-0.706938935,-0.71085583,4.197072727,0.057164519
1002863,UTRM-1009,2013,1,8/21/2013,PROB,37.25537,-109.6218,Xeric,UT,Y,-0.641718964,-1.137766658,2.242440909,0.124000042
1002864,NCSS-1081,2013,1,8/23/2013,PROB,35.79718,-76.63771,Coastal Plains,NC,Y,-0.382427842,,1.436174675,-0.330852237
1002865,KYS9-0921,2013,1,8/25/2013,PROB,36.93503,-85.77766,Southern Appalachians,KY,Y,-0.848268086,1.414435969,1.468675325,-0.141845754
1002866,NYS9-0923,2013,2,8/25/2013,PROB,42.93689,-76.61918,Northern Appalachians,NY,N,-0.143216202,-2.779898376,0.454559091,0.248864584
1002867,WYSS-1197,2013,1,8/25/2013,PROB,44.35518,-110.514,Western Mountains,WY,Y,-0.366072702,0.624766505,0,-1.106894235
1002868,NYS9-0924,2013,2,8/26/2013,PROB,43.00711,-76.68105,Northern Appalachians,NY,N,-0.422299355,-0.56448122,1.508689827,-0.270724735
1002869,WYS9-0927,2013,1,8/23/2013,PROB,42.81299,-110.689,Western Mountains,WY,Y,-0.433758977,-0.267850862,0.416679167,-0.13991166
1002870,WYLS-1091,2013,1,8/22/2013,PROB,42.93435,-110.7209,Western Mountains,WY,Y,-0.37675071,-0.533031792,1.822236667,-0.011738403
1002871,PAS9-0917,2013,1,8/26/2013,PROB,40.92973,-78.26005,Southern Appalachians,PA,Y,-0.706938935,-2.231273965,0.272740909,-0.005063269
1002872,ORR9-0912,2013,2,8/26/2013,PROB,45.48478,-122.9599,Western Mountains,OR,N,-0.624752178,-2.492211525,1.625547403,0.33285144
1002873,PARO-1052,2013,1,8/26/2013,PROB,40.78034,-80.32113,Southern Appalachians,PA,Y,0.000394634,,1.348518182,-0.004469266
1002874,KSRS-1301,2013,1,8/26/2013,PROB,39.13624,-96.78261,Temperate Plains,KS,Y,-0.892173573,-0.873683198,0.33335,0.128795664
1002875,KYRO-1032,2013,1,8/26/2013,PROB,36.92339,-89.00926,Coastal Plains,KY,Y,-0.907853776,-2.036512114,1.181868182,-0.160721977
1002876,WIS9-0926,2013,1,8/26/2013,PROB,44.25218,-90.76171,Upper Midwest,WI,Y,-0.350311193,-1.12477777,0,0.01206992
1002877,IDRO-1050,2013,1,8/26/2013,PROB,43.93061,-116.1794,Western Mountains,ID,Y,-0.83456681,0.809371541,2.219759091,-0.280028744
1002878,CAR9-0903,2013,1,8/26/2013,PROB,38.81627,-123.0112,Xeric,CA,Y,-0.789754465,-0.177030529,0.333336364,-0.108918921
1002879,PAR9-0905,2013,1,8/27/2013,PROB,40.93107,-80.37396,Northern Appalachians,PA,Y,-0.396954096,,0.462500433,-0.513440727
1002880,VAR9-0911,2013,1,8/27/2013,PROB,37.12219,-79.35359,Southern Appalachians,VA,Y,-0.463326801,-1.522367349,1.325795455,0.162659434
1002881,WYLS-1087,2013,1,8/27/2013,PROB,43.1383,-110.3885,Western Mountains,WY,Y,-0.732828272,-0.620076449,1.00005,-0.189459462
1002882,WYLS-1094,2013,1,8/26/2013,PROB,43.55855,-110.2491,Western Mountains,WY,Y,-0.361510743,-0.394315785,0.181827273,-0.281913705
1002883,ARR9-0909,2013,1,8/27/2013,PROB,35.5326437,-90.44201227,Coastal Plains,AR,Y,-0.692115158,-1.059195728,2.367680952,0.179303657
1002884,MTS9-0931,2013,1,8/27/2013,PROB,46.1589,-112.9051,Western Mountains,MT,Y,0.086844986,-0.641998106,0.992459091,-0.010590636
1002885,TXR9-0917,2013,1,8/27/2013,PROB,28.72577,-99.81584,Southern Plains,TX,Y,-0.37934352,-0.343469189,0.6667,-0.228646397
1002886,PAR9-0908,2013,1,8/27/2013,PROB,41.02419,-80.16323,Northern Appalachians,PA,Y,-0.446447948,0.395168843,0.128790909,0.062752865
1002887,CAS9-0917,2013,1,8/27/2013,PROB,40.219,-121.9974,Xeric,CA,Y,-0.354756416,-0.503101178,0,0.098407718
1002888,SDR9-0907,2013,1,8/27/2013,PROB,43.42244,-103.9918,Northern Plains,SD,Y,-1.082351291,-1.280095603,1.2879,-1.428608832
1002903,IDR9-0904,2013,1,8/23/2013,PROB,45.36948,-114.2899,Western Mountains,ID,Y,-0.848268086,0.523214059,1.128822727,-0.534887652
1002904,IDRM-1009,2013,1,8/24/2013,PROB,44.68544,-114.0657,Western Mountains,ID,Y,-1.082351291,0.565288407,1.507622727,-0.286662216
1002905,IDRM-1021,2013,1,8/23/2013,PROB,45.3167,-114.4641,Western Mountains,ID,Y,-0.749136614,-0.442486103,1.174286364,-0.795880017
1002906,IDRM-1024,2013,1,8/27/2013,PROB,43.86404,-116.9933,Xeric,ID,Y,-0.892173573,0.229475648,1.818222727,-0.115307598
1002907,IDRM-1002,2013,1,8/24/2013,PROB,45.18622,-113.8928,Western Mountains,ID,Y,-0.795880017,0.417078003,2.068231818,-0.453401258
1002908,PAR9-0902,2013,2,8/28/2013,PROB,41.47516,-79.51793,Northern Appalachians,PA,N,-0.449215928,0.867600634,1.077247619,-0.078313525
1002909,NHR9-0902,2013,2,8/27/2013,PROB,43.06807,-72.4487,Northern Appalachians,NH,N,-1.190134333,-0.36400498,0.575781818,-0.107652386
1002921,KSRS-1317,2013,1,8/27/2013,PROB,39.55767,-97.21205,Southern Plains,KS,Y,-1.016086822,1.476955932,1.083359091,-0.078313525
1002922,KSRS-1313,2013,1,8/27/2013,PROB,39.01663,-97.48087,Southern Plains,KS,Y,-0.697000411,-0.13727139,1.303095455,0.08033126
1002923,GAS9-0914,2013,2,8/28/2013,PROB,34.06955,-84.53635,Southern Appalachians,GA,N,-0.463326801,-1.462910119,1.977304545,-0.262518213
1002924,GAS9-0925,2013,2,8/27/2013,PROB,32.97839,-84.87332,Southern Appalachians,GA,N,-0.114022322,-1.221492213,0,0.094058014
1002925,KYR9-0907,2013,1,8/28/2013,PROB,37.23007,-84.24396,Southern Appalachians,KY,Y,-0.717110229,1.308443249,1.386418182,0.008696929
1002926,MNRO-1051,2013,1,8/27/2013,PROB,44.23643,-92.3252,Upper Midwest,MN,Y,-0.493003268,-0.528046221,1.265181818,0.14886896
1002927,MIS9-0935,2013,1,8/28/2013,PROB,42.61669,-85.7282,Upper Midwest,MI,Y,-1.037071311,-2.284109793,1.31668,-1.22184875
1002928,CTSS-1079,2013,1,8/28/2013,PROB,41.69945,-72.52501,Northern Appalachians,CT,Y,-0.279089322,-1.43117991,0.462122727,-0.052499441
1002929,ARLS-1048,2013,1,8/28/2013,PROB,36.1023,-91.6197,Southern Appalachians,AR,Y,-0.976934698,0.572888573,0.606090909,0.211702901
1002930,TXR9-0910,2013,1,8/28/2013,PROB,29.23893,-98.45168,Southern Plains,TX,Y,-0.375342947,-0.011134687,1.68185,-0.078313525
1002931,VAR9-0906,2013,1,8/28/2013,PROB,37.59328,-79.38321,Southern Appalachians,VA,Y,-0.524857311,1.266447618,2.198447619,-0.022058758
1002932,WIS9-0933,2013,1,8/28/2013,PROB,43.967,-91.24195,Upper Midwest,WI,Y,-0.422299355,-1.84364798,0,-0.191052831
1002933,MTLS-1133,2013,1,8/28/2013,PROB,45.80915,-112.3638,Western Mountains,MT,Y,-0.040524964,0.01436026,1.166709091,-0.033431652
1002934,WYSS-1201,2013,1,8/28/2013,PROB,42.97962,-111.0067,Western Mountains,WY,Y,-0.877039828,-1.519281673,4.060772727,-1.911058926
1002959,SDRM-1001,2013,1,8/28/2013,PROB,45.15509,-102.7526,Northern Plains,SD,Y,-0.808396576,-0.400162903,0.98485,-1.67032483
1002960,DERO-1002,2013,1,8/28/2013,PROB,38.57155,-75.67426,Coastal Plains,DE,Y,-0.26071541,-2.237097956,0.583354545,0.164690749
1002961,ARRO-1022,2013,1,8/20/2013,PROB,35.51034,-91.92887,Southern Appalachians,AR,Y,-1.106894235,1.421681059,0.931854545,0.092864131
1002962,MTSS-1262,2013,1,8/29/2013,PROB,45.99369,-113.0349,Western Mountains,MT,Y,0.150616908,-0.371617827,0.878813636,0.098800993
1002963,WASS-1136,2013,1,8/27/2013,PROB,47.99068,-123.5023,Western Mountains,WA,Y,-0.330852237,-1.131598529,0,-0.139117765
1002964,MIS9-0925,2013,1,8/27/2013,PROB,42.42834,-85.58468,Upper Midwest,MI,Y,-0.499189902,-0.539262157,1.631348052,-0.141162149
1002965,KYLS-1056,2013,1,8/27/2013,PROB,36.8776,-88.41156,Coastal Plains,KY,Y,-0.862415739,-1.047305017,1.303081818,-0.235382391
1002966,TXR9-0909,2013,1,8/29/2013,PROB,28.30211,-98.05815,Southern Plains,TX,Y,-0.862415739,-0.208319218,0.697004545,-0.239646066
1002967,PAR9-0911,2013,1,8/29/2013,PROB,41.24333,-80.50937,Northern Appalachians,PA,Y,-0.600483603,,1.272772727,-0.301227447
1002968,ORR9-0902,2013,1,8/29/2013,PROB,45.39535,-122.1494,Western Mountains,OR,Y,-0.907853776,-0.116812689,0.393959091,-0.04258864
1002969,MNRM-1007,2013,1,8/28/2013,PROB,43.81142,-92.09543,Upper Midwest,MN,Y,-0.474955193,-0.640406862,0.333345455,0.170728305
1002971,ARS9-0945,2013,1,8/29/2013,PROB,36.23849513,-91.90776753,Southern Appalachians,AR,Y,-1.059121453,0.924036186,0.71215,0.077863204
1002972,ARRM-1003,2013,1,8/15/2013,PROB,33.63585,-93.90638,Coastal Plains,AR,Y,-0.907853776,-0.00914076,0.469713636,-0.03933467
1002973,MNLS-1091,2013,1,8/29/2013,PROB,43.56311,-91.73165,Upper Midwest,MN,Y,-0.201914638,-1.067130793,1.947004545,-0.320406941
1002974,NYSS-1251,2013,1,9/2/2013,PROB,42.03475,-77.55209,Northern Appalachians,NY,Y,-0.148741651,-0.135474313,0.113636364,0.02716421
1003000,NYR9-0902,2013,1,9/3/2013,PROB,42.14603,-77.05409,Northern Appalachians,NY,Y,-0.387216143,0.089296355,2.409181818,-0.406915415
1003001,NYSS-1252,2013,1,9/3/2013,PROB,42.45469,-78.48087,Northern Appalachians,NY,Y,-0.877039828,-0.348768281,1.272781818,-0.217104103
1003002,VARS11-131,2013,1,9/3/2013,PROB,36.9366,-80.7462,Southern Appalachians,VA,Y,-0.687284247,2.370701775,2.613677273,-0.009076182
1003003,NYR9-0909,2013,1,9/4/2013,PROB,42.06591,-78.46922,Northern Appalachians,NY,Y,-0.967674334,0.511569336,1.901577273,-0.013635481
1003004,ORRO-1060,2013,1,9/4/2013,PROB,45.46216,-122.9433,Western Mountains,OR,Y,-0.650457577,-2.486073862,2.287990909,0.111310531
1003005,PALS-1087,2013,1,9/4/2013,PROB,41.65584,-76.7847,Northern Appalachians,PA,Y,-0.697000411,0.664192042,0.7273,-0.049170648
1003006,KSRS-1343,2013,1,9/3/2013,PROB,37.44358,-98.77875,Southern Plains,KS,Y,-0.717110229,-2.001715704,1.83335,-0.165752748
1003007,KSRS-1278,2013,1,9/4/2013,PROB,37.84788,-97.14895,Southern Plains,KS,Y,-0.706938935,-1.559044889,1.393945455,-0.080684134
1003008,CTSS-1080,2013,1,9/4/2013,PROB,41.61153,-73.44651,Northern Appalachians,CT,Y,-0.457627316,-1.459202216,0.348490909,0.054125357
1003009,MTSS-1260,2013,1,9/4/2013,PROB,46.84538,-111.1383,Northern Plains,MT,Y,0.115005012,-3.216590331,0.712154545,-0.689692984
1003010,GALS-1055,2013,1,9/3/2013,PROB,32.2973,-84.04997,Coastal Plains,GA,Y,-0.236231784,-2.081874173,0.916686364,-0.038794704
1003011,VAR9-0903,2013,1,9/4/2013,PROB,37.31028,-80.68118,Southern Appalachians,VA,Y,-0.348105528,0.492481125,0.409109091,0.096435979
1003012,NYRO-1050,2013,1,9/4/2013,PROB,42.31674,-75.94378,Northern Appalachians,NY,Y,-0.869666232,-0.000577116,0.840936364,0.160959383
1003013,TXLS-1118,2013,1,9/4/2013,PROB,32.63661,-99.66784,Southern Plains,TX,Y,0.049746469,-1.348440482,1.394009091,0.117647863
1003014,LARF-0002,2013,1,9/4/2013,HAND,31.15249,-92.80901,Coastal Plains,LA,Y,-0.269805204,-0.454268533,0.090909091,0.099193913
1003015,WIS9-0924,2013,2,9/4/2013,PROB,44.219,-90.21632,Upper Midwest,WI,N,-0.489942687,-1.975938467,0.287881818,-0.226978598
1003016,WARF-0105,2013,1,9/4/2013,HAND,46.99413,-121.9245,Western Mountains,WA,Y,-0.330852237,-0.85084328,0.689422727,-0.505465944
1003017,OHR9-0902,2013,2,9/4/2013,PROB,40.26612,-81.87411,Southern Appalachians,OH,N,-0.585026652,,1.340972727,-0.084264487
1003018,WAS9-0923,2013,1,9/4/2013,PROB,46.79931,-121.0911,Western Mountains,WA,Y,-0.518296847,-0.017080813,0.181827273,-0.070116836
1003019,NHLS-1044,2013,1,9/4/2013,PROB,43.83947,-71.89917,Northern Appalachians,NH,Y,-0.795880017,-0.081824962,0.136368182,-0.614474972
1003020,PALS-1086,2013,1,9/5/2013,PROB,41.64813,-75.78612,Northern Appalachians,PA,Y,-0.687284247,0.159765109,1.030354545,-0.056977898
1003021,NYR9-0908,2013,1,9/5/2013,PROB,42.08065,-78.42363,Northern Appalachians,NY,Y,-0.996069706,0.456040515,4.189522727,-0.496085569
1003022,GALS-1051,2013,1,9/4/2013,PROB,32.40337,-84.84836,Coastal Plains,GA,Y,-0.306193137,-1.282633297,0,0.186750922
1003023,VARS11-113,2013,1,9/5/2013,PROB,36.8622,-80.9862,Southern Appalachians,VA,Y,-0.44096436,-0.509486012,1.454577273,0.042199508
1003024,IDS9-0922,2013,1,9/5/2013,PROB,42.46121,-111.9126,Xeric,ID,Y,-0.727525465,-1.652626082,1.454554545,-0.003567934
1003025,TXRM-1004,2013,1,9/5/2013,PROB,32.78628,-98.19314,Southern Plains,TX,Y,-0.310206977,-0.00314953,1.365850866,-0.154338307
1003026,WARF-0104,2013,1,9/5/2013,HAND,47.15195,-121.7035,Western Mountains,WA,Y,-0.332971785,0.224815576,0,0.066156445
1003027,ARR9-0901,2013,1,9/5/2013,PROB,35.62598092,-89.87932864,Coastal Plains,AR,Y,-1.485090181,-2.254405965,0.295459091,-0.628932138
1003028,WIS9-0934,2013,1,9/5/2013,PROB,44.8774,-90.84792,Upper Midwest,WI,Y,-0.521564691,-0.485836121,0.318190909,-0.087874604
1003029,ARRM-1005,2013,1,9/4/2013,PROB,35.12047,-90.09057,Coastal Plains,AR,Y,-1.550030994,-2.070574063,2.295513636,-0.316298164
1003030,ARRM-1001,2013,1,9/5/2013,PROB,35.60184,-89.90212,Coastal Plains,AR,Y,-1.428608832,-2.022375243,0.537881818,-1.293204657
1003031,IDLS-1063,2013,1,9/6/2013,PROB,43.27598,-111.2419,Western Mountains,ID,Y,-0.727525465,-1.431991611,0,0.089262664
1003032,NYS9-0930,2013,1,9/6/2013,PROB,42.11547,-79.26637,Northern Appalachians,NY,Y,-0.821284597,-2.999771195,1.628845455,0.067848283
1003033,NYS9-0935,2013,1,9/6/2013,PROB,42.4942,-75.57194,Northern Appalachians,NY,Y,-0.20034622,-0.261409264,0.030304545,0.265782327
1003034,NYR9-0901,2013,1,9/5/2013,PROB,42.42297,-75.63217,Northern Appalachians,NY,Y,-0.065501549,0.095696755,1.568236364,0.122141379
1003035,ILRO-1025,2013,1,9/6/2013,PROB,38.92612,-88.556,Temperate Plains,IL,Y,-0.749136614,-2.028465472,0.33335,-0.288576254
1003036,NYRM-1005,2013,1,9/8/2013,PROB,42.08366,-76.29192,Northern Appalachians,NY,Y,-0.941022138,0.658470993,1.303090909,0.010627559
1003037,NYRO-1055,2013,1,9/8/2013,PROB,42.94959,-74.3836,Northern Appalachians,NY,Y,-0.09297972,-3.322463271,2.6819,0.063606264
1003038,IDRO-1047,2013,1,9/7/2013,PROB,42.74116,-112.2166,Xeric,ID,Y,-0.795880017,-2.557819061,2.280386364,-0.255351475
1003039,IDR9-0911,2013,1,9/8/2013,PROB,42.66149,-114.6627,Xeric,ID,Y,-0.306193137,-1.089773035,1.221197619,0.069533557
1003040,NYR9-0903,2013,1,9/9/2013,PROB,42.82852,-73.98933,Northern Appalachians,NY,Y,-0.711994806,-3.128765509,1.363672727,0.212611277
1003041,KSS9-0938,2013,2,9/9/2013,PROB,39.55417,-99.74415,Southern Plains,KS,N,-0.449215928,-2.234138873,1.159090909,-0.100751707
1003042,NYR9-0911,2013,1,9/9/2013,PROB,42.02896,-76.39831,Northern Appalachians,NY,Y,-0.877039828,-0.097669087,1.151568182,-0.081278813
1003043,UTS9-0927,2013,2,9/9/2013,PROB,39.1334,-110.9467,Xeric,UT,N,-0.555671259,-2.0327797,1.159090909,-0.139117765
1003044,VARS11-112,2013,1,9/9/2013,PROB,37.1379,-77.5003,Coastal Plains,VA,Y,-0.090298128,-0.368470086,0,0.013507506
1003045,KYRM-1007,2013,1,9/9/2013,PROB,38.49513,-84.16162,Southern Appalachians,KY,Y,-0.365156469,0.945098865,0,-0.114664485
1003046,NJSS-1085,2013,1,9/10/2013,PROB,40.81218,-74.60707,Northern Appalachians,NJ,Y,-0.010085231,-0.498452902,1.189418182,-0.212249792
1003047,UTRM-1002,2013,1,9/10/2013,PROB,38.61272,-109.5584,Xeric,UT,Y,-0.821284597,-0.562328884,1.181836364,-0.035033625
1003048,WALS-1069,2013,1,9/10/2013,PROB,48.3454,-118.2804,Western Mountains,WA,Y,-0.821284597,-0.662931711,2.090945455,-0.012618159
1003049,NCRF-0001,2013,1,9/9/2013,HAND,35.6438,-81.74478,Southern Appalachians,NC,Y,-0.359021943,-2.111161457,0.090913636,-0.131035128
1003050,TXRO-1081,2013,1,9/10/2013,PROB,31.71477,-98.01866,Southern Plains,TX,Y,-0.771879741,-1.463088442,1.212140909,-0.052472922
1003051,VAR9-0904,2013,1,9/10/2013,PROB,36.76203,-78.87142,Southern Appalachians,VA,Y,-0.555671259,-1.399373413,0.113636364,0.263367039
1003052,WIS9-0925,2013,1,9/10/2013,PROB,43.53297,-90.62979,Upper Midwest,WI,Y,-0.251811973,0.083810029,1.333363636,-1.070581074
1003053,COR9-0908,2013,1,9/10/2013,PROB,39.65513,-107.0672,Western Mountains,CO,Y,-0.641718964,0.143654576,1.878840909,-0.160721977
1003054,SDS9-0942,2013,2,9/10/2013,PROB,43.90549,-96.48497,Temperate Plains,SD,N,-1.106894235,-0.694307442,3.430117316,-2
1003055,KSR9-0907,2013,1,9/10/2013,PROB,38.76631,-100.2741,Southern Plains,KS,Y,-1.333822512,-1.907719837,1.530304545,-1.197848473
1003056,NYS9-0933,2013,1,9/10/2013,PROB,42.23492,-78.77276,Northern Appalachians,NY,Y,-1.160579093,0.257889909,1.303095455,-0.811582902
1003057,NYLS-1120,2013,1,9/10/2013,PROB,42.97827,-74.82221,Northern Appalachians,NY,Y,-0.508638306,0.129261229,1.931886364,0.184497852
1003058,WARF-0103,2013,1,9/10/2013,HAND,46.89946,-122.03,Western Mountains,WA,Y,-0.394499061,-0.064561019,0.060609091,0.137871779
1003059,PARF-0002,2013,1,9/10/2013,HAND,41.4656,-80.00238,Northern Appalachians,PA,Y,-0.608423395,0.438705118,1.659145455,-0.168099769
1003060,RILS-1026,2013,1,9/11/2013,PROB,41.79451,-71.67064,Northern Appalachians,RI,Y,-0.023941956,0.910633788,0.409090909,0.248864584
1003061,NYR9-0912,2013,1,9/11/2013,PROB,42.93558,-74.19445,Northern Appalachians,NY,Y,-0.56644835,-3.515905918,1.825809091,0.272421826
1003062,NYRO-1053,2013,1,9/11/2013,PROB,42.56912,-79.13579,Northern Appalachians,NY,Y,-1.059121453,0.003011421,1.977322727,-0.066075785
1003063,MTRM-1008,2013,1,9/10/2013,PROB,47.34634,-114.7239,Western Mountains,MT,Y,-0.749136614,-2.631572055,2.477322727,-0.610431231
1003064,NHLS-1045,2013,1,9/11/2013,PROB,43.69267,-72.27664,Northern Appalachians,NH,Y,-0.508638306,-0.812624934,0.212122727,-0.26588626
1003065,KSRS-1348,2013,1,9/11/2013,PROB,39.99012,-95.62911,Temperate Plains,KS,Y,-0.438248312,-2.032567267,2.833409091,0.026236032
1003066,MOS9-0930,2013,1,9/11/2013,PROB,39.02827,-93.68119,Temperate Plains,MO,Y,-0.581246868,-2.413668555,0.960358095,-0.163589563
1003067,MOS9-0937,2013,2,9/10/2013,PROB,39.69717,-94.88073,Temperate Plains,MO,N,-1.075250953,-0.21880294,2.575836364,-0.442328779
1003068,NCSS-1086,2013,1,9/10/2013,PROB,35.35514,-83.02467,Southern Appalachians,NC,Y,-0.120487081,-0.648700625,0.20455,-0.154338307
1003069,PARO-1053,2013,1,9/11/2013,PROB,41.62465,-79.0336,Northern Appalachians,PA,Y,-0.633152719,0.834763552,0.431831818,0.034063028
1003070,SDR9-0902,2013,1,9/11/2013,PROB,42.99859,-97.00442,Temperate Plains,SD,Y,-0.588839621,-1.570416251,2.8865,-0.01618926
1003071,TXR9-0918,2013,1,9/11/2013,PROB,31.55041,-97.09174,Southern Plains,TX,Y,-0.399423087,0.332106972,0.757604545,0.093262457
1003072,UTRM-1001,2013,1,9/11/2013,PROB,38.7615,-109.3237,Xeric,UT,Y,-0.738196627,-0.474886265,0.697,0.140379467
1003073,KYRM-1003,2013,1,9/11/2013,PROB,38.12341,-83.55383,Southern Appalachians,KY,Y,-0.329164015,1.901906895,0.217904113,-0.058104766
1003075,MTRM-1004,2013,1,9/11/2013,PROB,47.5398,-115.0797,Western Mountains,MT,Y,-0.976934698,-0.185053601,3.681945455,-0.665642003
1003076,NYRM-1003,2013,1,9/12/2013,PROB,42.54433,-74.95158,Northern Appalachians,NY,Y,-0.137760169,-3.164671969,0.954577273,0.093660418
1003077,MILS-1056,2013,1,9/12/2013,PROB,42.76602,-85.29818,Upper Midwest,MI,Y,-0.616511048,-0.849293314,0.89395,-0.022900232
1003078,KYLS-1062,2013,1,9/11/2013,HAND,37.44253,-86.56174,Temperate Plains,KY,Y,-0.328742984,-1.337580068,1.916695455,-0.222836906
1003079,PASS-1163,2013,1,9/12/2013,PROB,41.47983,-78.06974,Northern Appalachians,PA,Y,-0.808396576,-0.943516116,0,-0.035033625
1003080,WARO-1040,2013,1,9/11/2013,PROB,48.0872,-118.6916,Western Mountains,WA,Y,-0.639727089,-0.479034984,1.000026923,0.016551236
1003081,NYSS-1236,2013,1,9/12/2013,PROB,42.3999,-79.44188,Northern Appalachians,NY,Y,-0.821284597,0.043041808,3.767864329,-0.431531592
1003082,WARF-0106,2013,1,9/12/2013,HAND,48.28994,-121.5559,Western Mountains,WA,Y,-1.106894235,-0.00918882,0.045454545,-0.301227447
1003083,VAR9-0902,2013,1,9/11/2013,PROB,36.87645,-79.06775,Southern Appalachians,VA,Y,-0.677780705,-1.2344414,0.068181818,0.201272952
1003084,WIS9-0930,2013,1,9/12/2013,PROB,42.97611,-90.99135,Upper Midwest,WI,Y,-0.650457577,-1.03590841,2.037927273,-2
1003086,MTR9-0901,2013,1,9/12/2013,PROB,47.06636,-114.7699,Western Mountains,MT,Y,-0.255351475,0.383222252,1.842786797,-0.30819542
1003087,TXRM-1002,2013,1,9/12/2013,PROB,31.33678,-96.97263,Southern Plains,TX,Y,-1.256062854,0.348736274,0.474761688,-0.499189902
1003088,UTR9-0905,2013,1,9/12/2013,PROB,39.08975,-109.1016,Xeric,UT,Y,-0.783714109,0.579043217,1.810663636,0.056298355
1003089,OHLS-1073,2013,1,9/13/2013,PROB,41.15671,-81.04802,Northern Appalachians,OH,Y,-0.706938935,-2.747805158,0.962163636,-0.019273751
1003090,WARF-0102,2013,1,9/13/2013,HAND,46.96702,-121.092,Western Mountains,WA,Y,-0.573784579,0.306145639,0.848504545,0.02716421
1003091,NYLS-1117,2013,1,9/13/2013,PROB,42.61359,-74.08873,Northern Appalachians,NY,Y,-0.189523085,-1.946666993,1.045490909,-0.081874308
1003092,NYR9-0904,2013,1,9/15/2013,PROB,42.16144,-75.85678,Northern Appalachians,NY,Y,-0.932489557,-0.391455655,1.113663636,0.237303768
1003093,WARF-0101,2013,1,9/15/2013,HAND,45.92848,-121.1279,Western Mountains,WA,Y,-0.941022138,0.056720609,0,0.141093298
1003094,MORO-1045,2013,1,9/12/2013,PROB,39.34233,-92.81175,Temperate Plains,MO,Y,-0.652275844,-2.784733958,0.492445455,0.024840034
1003096,NYR9-0913,2013,1,9/16/2013,PROB,42.34775,-75.69644,Northern Appalachians,NY,Y,-0.348105528,0.2656504,1.303081818,0.039053409
1003097,VAR9-0911,2013,2,9/16/2013,PROB,37.12219,-79.35359,Southern Appalachians,VA,N,-0.324554962,-1.195181315,1.613686364,0.041302946
1003098,ORRF-0106,2013,1,9/16/2013,HAND,44.1692,-123.1351,Western Mountains,OR,Y,-0.659375643,-0.246451744,0.348495455,-0.287618181
1003099,MIS9-0938,2013,1,9/16/2013,PROB,43.61935,-82.78241,Temperate Plains,MI,Y,-0.000592624,-2.982130911,0.825790909,-1.205702116
1003100,OKR9-0902,2013,2,9/16/2013,PROB,36.958,-97.42192,Southern Plains,OK,N,-0.581246868,-2.598105622,0.424245455,0.071630994
1003101,ARR9-0902,2013,1,9/16/2013,PROB,34.35270394,-91.10541947,Coastal Plains,AR,Y,-1.256062854,-2.390020533,0,0.064457989
1003102,KSRS-1255,2013,1,9/16/2013,PROB,37.2097,-95.54539,Temperate Plains,KS,Y,-0.585026652,-0.993816301,1.401563636,-0.12771126
1003103,WIS9-0936,2013,1,9/16/2013,PROB,46.78863,-91.26534,Upper Midwest,WI,Y,-0.224488846,-0.581665059,0.984863636,-0.168653858
1003104,IDRO-1049,2013,1,9/16/2013,PROB,48.99286,-116.5348,Western Mountains,ID,Y,-1.160579093,,2.424281818,-0.211445989
1003105,NYR9-0902,2013,2,9/17/2013,PROB,42.14603,-77.05409,Northern Appalachians,NY,N,-0.821284597,0.403060884,1.318231818,-0.353640838
1003106,GASS-1079,2013,1,9/17/2013,PROB,33.54325,-83.50925,Southern Appalachians,GA,Y,-0.449215928,-1.316293761,1.621222727,-0.254463891
1003107,TXRF-0009,2013,1,9/17/2013,HAND,31.59062,-98.12713,Southern Plains,TX,Y,-0.677780705,1.530690857,0.515172727,-0.427550863
1003108,VAR9-0906,2013,2,9/17/2013,PROB,37.59328,-79.38321,Southern Appalachians,VA,N,-0.44096436,0.034452926,1.280322727,0.028090409
1003109,OKSS-1405,2013,1,9/17/2013,PROB,35.98696,-94.91589,Southern Appalachians,OK,Y,-0.452001662,0.806288878,2.227281818,-0.071860293
1003110,MORO-1044,2013,1,9/17/2013,PROB,38.28136,-91.3765,Southern Appalachians,MO,Y,-0.990240164,-0.235224649,0.424263636,-0.117242673
1003111,ALR9-0901,2013,2,9/17/2013,PROB,34.95092177,-87.042028,Southern Appalachians,AL,N,-0.330852237,-1.416496791,1.984872727,-0.002573898
1003112,CAR9-0909,2013,1,9/16/2013,PROB,40.00191,-121.2682,Western Mountains,CA,Y,-0.585026652,0.101498924,0.833345455,-0.294369507
1003113,KSRS-1324,2013,1,9/17/2013,PROB,37.46056,-95.35744,Temperate Plains,KS,Y,-0.687284247,1.736237143,1.849995238,-0.130368316
1003114,SDSS-1194,2013,1,9/17/2013,PROB,44.89092,-96.49758,Temperate Plains,SD,Y,-0.795880017,-1.967931394,3.199940693,-0.996069706
1003116,RISS-1080,2013,1,9/18/2013,PROB,41.92004,-71.53041,Northern Appalachians,RI,Y,-0.003567934,-0.209238288,0.068181818,0.272948627
1003117,NYRM-1001,2013,1,9/18/2013,PROB,42.01278,-75.77946,Northern Appalachians,NY,Y,-0.417110589,-2.043969663,2.151586364,0.058460535
1003118,GASS-1081,2013,1,9/18/2013,PROB,33.92562,-85.34712,Southern Appalachians,GA,Y,0.067003188,-0.62896502,0,0.124370822
1003119,ORRF-0104,2013,1,9/18/2013,HAND,43.74315,-122.5027,Western Mountains,OR,Y,-0.354756416,0.668373744,0.537890909,0.04354089
1003120,VARS11-111,2013,1,9/18/2013,PROB,38.9294,-77.8737,Southern Appalachians,VA,Y,-0.608423395,-1.02277432,1.696977273,-0.575638166
1003121,WAS9-0915,2013,2,9/17/2013,PROB,46.13171,-121.5873,Western Mountains,WA,N,-0.494850022,-1.770040307,0,-0.125421554
1003122,TXS9-0931,2013,1,9/18/2013,PROB,31.13182,-99.32021,Southern Plains,TX,Y,-0.241363326,-1.38047504,1.507645455,-0.139798157
1003123,ARRM-1002,2013,1,9/17/2013,PROB,33.32053,-91.16849,Coastal Plains,AR,Y,-1.22184875,-1.488534855,1.4773,-2
1003124,COR9-0905,2013,1,9/18/2013,PROB,37.17608,-105.731,Xeric,CO,Y,-0.862415739,-0.986213184,2.280336364,-0.311216261
1003125,ALRF-0002,2013,1,9/18/2013,HAND,33.22326014,-86.88807657,Southern Appalachians,AL,Y,-0.749136614,0.806504984,0.697004545,-0.017214991
1003126,ARR9-0903,2013,1,9/18/2013,PROB,34.69500093,-90.64588479,Coastal Plains,AR,Y,-1.626419331,-0.758459652,0.6667,-0.262518213
1003127,MOR9-0911,2013,1,9/18/2013,PROB,38.30297,-90.62706,Southern Appalachians,MO,Y,-0.348839506,0.207027284,2.346763203,-0.075368345
1003128,WILS-1093,2013,1,9/18/2013,PROB,45.84817,-92.05125,Upper Midwest,WI,Y,-0.23793557,-0.585398666,0.507586364,-0.050831855
1003129,MTRM-1007,2013,1,9/18/2013,PROB,45.12655,-110.8041,Western Mountains,MT,Y,-0.907853776,0.591940474,3.189513636,-0.958607315
1003130,IDR9-0908,2013,2,9/18/2013,PROB,46.66523,-115.5475,Western Mountains,ID,N,-0.505465944,0.566398461,0.613640909,0.069953856
1003131,NYR9-0901,2013,2,9/19/2013,PROB,42.42297,-75.63217,Northern Appalachians,NY,N,-0.570100974,0.842100337,0.939409091,0.202822566
1003132,TXRF-0004,2013,1,9/18/2013,HAND,30.28716,-98.89557,Southern Plains,TX,Y,-0.290498765,1.919419063,0.848518182,-0.213861874
1003133,WARO-1044,2013,1,9/18/2013,PROB,47.06691,-117.9593,Xeric,WA,Y,-0.808396576,0.327069179,1.045454545,-1.106894235
1003134,ARR9-0901,2013,2,9/19/2013,PROB,35.62598092,-89.87932864,Coastal Plains,AR,N,-1.550030994,-2.201599787,0.537895455,-1.293204657
1003135,ORRF-0105,2013,1,9/19/2013,HAND,43.96473,-122.9824,Western Mountains,OR,Y,-0.511834012,0.004446951,0.386372727,-0.011603214
1003136,TXRM-1006,2013,1,9/19/2013,PROB,31.37882,-98.77938,Southern Plains,TX,Y,-0.862415739,-0.552349137,0.704577273,-0.368371778
1003137,NYRO-1054,2013,1,9/20/2013,PROB,42.10099,-75.91594,Northern Appalachians,NY,Y,-0.427550863,-1.795126885,3.583071645,-0.104502114
1003138,WIS9-0932,2013,1,9/19/2013,PROB,45.26919,-92.49502,Upper Midwest,WI,Y,-0.37068309,-0.817641868,1.000027273,-0.214670165
1003139,ORLS-1096,2013,1,9/18/2013,PROB,42.04489,-118.4328,Xeric,OR,Y,-0.577499695,-1.195619402,1.750040909,-0.68250648
1003140,ORRO-1058,2013,1,9/17/2013,PROB,43.1829,-118.878,Xeric,OR,Y,-1.218571043,-2.161149083,0.68257381,-0.65489372
1003141,MOR9-0909,2013,1,9/19/2013,PROB,37.88325,-90.54442,Southern Appalachians,MO,Y,-0.480639434,-0.208206137,1.111141667,-0.275894877
1003142,ALS9-0920,2013,1,9/20/2013,PROB,32.12422056,-87.52831805,Coastal Plains,AL,Y,-0.697000411,-2.939916167,1.704577273,0.01494035
1003143,NCRF-0003,2013,1,9/18/2013,HAND,35.08239,-79.58954,Coastal Plains,NC,Y,-0.229482704,-1.739024962,0.636395455,-0.099508734
1003144,ALSS-1066,2013,1,9/19/2013,PROB,32.25358,-87.00951,Coastal Plains,AL,Y,-0.446447948,-1.161758914,0.401531818,0.013507506
1003145,NCR9-0909,2013,1,9/19/2013,PROB,35.17608,-78.80974,Coastal Plains,NC,Y,-0.128374001,-1.310863952,0.810627273,0.041751458
1003146,NCR9-0908,2013,1,9/20/2013,PROB,34.92337,-78.7982,Coastal Plains,NC,Y,-0.140479617,-2.789427837,1.325786364,0.154437807
1003147,COLS-1065,2013,1,9/20/2013,PROB,37.0711,-107.6141,Xeric,CO,Y,-0.723155388,-0.81251695,2.5139375,-0.162332664
1003148,ORRF-0101,2013,1,9/20/2013,HAND,45.93158,-123.1639,Western Mountains,OR,Y,-0.646066292,1.10567851,0.947004545,-0.059800568
1003149,CORM-1003,2013,1,9/19/2013,PROB,37.10819,-107.0449,Western Mountains,CO,Y,-0.548632296,0.08410801,1.287904545,0.022503353
1003150,ORRF-0102,2013,1,9/22/2013,HAND,45.27724,-123.7643,Western Mountains,OR,Y,-0.641718964,0.723882027,0.681845455,-0.051942868
1003151,ALS9-0921,2013,1,9/22/2013,PROB,31.86806513,-85.76601507,Coastal Plains,AL,Y,-0.620612065,-0.933409382,0.863677273,0.015416916
1003152,RISS-1081,2013,1,9/23/2013,PROB,41.60206,-71.72025,Northern Appalachians,RI,Y,0.015892959,-0.664367911,0.166668182,0.276357344
1003153,NYSS-1242,2013,1,9/23/2013,PROB,42.31599,-74.32653,Northern Appalachians,NY,Y,-0.072443004,-0.71811791,1.272777273,-0.013635481
1003154,NYSS-1255,2013,1,9/22/2013,PROB,42.55374,-73.82504,Northern Appalachians,NY,Y,0.046211288,-3.124022701,0.704572727,0.091666958
1003155,WISS-1168,2013,1,9/23/2013,PROB,44.43671,-89.22238,Upper Midwest,WI,Y,-0.024986184,-1.076932165,1.575813636,-0.426232021
1003156,KSRS-1330,2013,1,9/23/2013,PROB,38.40248,-96.74899,Temperate Plains,KS,Y,-0.821284597,-0.801233968,0.77275,-0.090298128
1003157,COS9-0931,2013,1,9/22/2013,PROB,38.60455,-106.4649,Western Mountains,CO,Y,-0.314258261,-0.736572562,0.361125,-0.225939466
1003158,COSS-1109,2013,1,9/23/2013,PROB,38.76933,-106.4589,Western Mountains,CO,Y,-0.335101728,-1.685328068,0,0.125850784
1003159,ARS9-0945,2013,2,9/23/2013,PROB,36.23849513,-91.90776753,Southern Appalachians,AR,N,-1.082351291,0.42184686,0.8182,-0.005063269
1003160,MOLS-1085,2013,1,9/23/2013,PROB,38.90049,-93.97752,Temperate Plains,MO,Y,-0.637414722,-1.817002268,0.886368182,-0.184965913
1003161,NYRM-1007,2013,1,9/24/2013,PROB,42.28799,-75.48149,Northern Appalachians,NY,Y,-0.677780705,-1.369097111,1.151540909,0.221592045
1003162,MOR9-0910,2013,1,9/24/2013,PROB,38.68744,-92.94992,Southern Appalachians,MO,Y,-0.749136614,-1.099438088,0.984890909,-0.59462259
1003163,MTR9-0901,2013,2,9/24/2013,PROB,47.06636,-114.7699,Western Mountains,MT,N,-0.548632296,0.392504837,1.560668182,-0.409441858
1003164,CORM-1002,2013,1,9/24/2013,PROB,38.56961,-106.9425,Western Mountains,CO,Y,-0.677780705,0.081158704,2.007659091,0.091267165
1003165,ARSS-1091,2013,1,9/24/2013,PROB,34.39702,-91.53054,Coastal Plains,AR,Y,-1.256062854,-2.637754046,1.303054545,-0.288576254
1003166,OHLS-1068,2013,1,9/24/2013,PROB,39.33002,-82.26817,Southern Appalachians,OH,Y,-0.384576047,-1.798755291,0.807674583,0.073145327
1003167,ORR9-0908,2013,1,9/24/2013,PROB,43.31057,-123.2115,Western Mountains,OR,Y,-0.588839621,1.447653594,4.969786364,-0.193357601
1003168,VAR9-0905,2013,1,9/23/2013,PROB,38.30562,-78.90091,Southern Appalachians,VA,Y,-0.608423395,0.927607236,1.636395455,-0.007566991
1003169,KSS9-0934,2013,1,9/24/2013,PROB,37.88165,-95.67601,Temperate Plains,KS,Y,-0.573784579,-0.94323192,2.833436364,-0.113381107
1003170,RISS-1082,2013,1,9/25/2013,PROB,41.49712,-71.48931,Northern Appalachians,RI,Y,0.169727856,-0.481416136,0,0.323111408
1003171,COR9-0908,2013,2,9/25/2013,PROB,39.65513,-107.0672,Western Mountains,CO,N,-0.771879741,0.430777385,1.750054545,-0.04041662
1003172,VARS11-139,2013,1,9/24/2013,PROB,38.7744,-78.3884,Southern Appalachians,VA,Y,-0.524857311,1.766888639,1.265163636,0.075381042
1003173,AZRM-1004,2013,1,9/24/2013,PROB,33.62222,-110.9257,Xeric,AZ,Y,-0.260295831,0.115682461,0.94231342,-0.363785732
1003174,NYS9-0929,2013,1,9/25/2013,PROB,41.59626,-74.36753,Southern Appalachians,NY,Y,-0.585026652,-0.095008725,1.469727273,0.081968874
1003175,PAR9-0906,2013,1,9/25/2013,PROB,41.9699,-76.51192,Northern Appalachians,PA,Y,-0.496085569,0.352731947,2.002858961,-0.050277413
1003176,WISS-1165,2013,1,9/25/2013,PROB,45.28534,-88.72088,Upper Midwest,WI,Y,-0.157163916,-1.808340417,0,-0.126388803
1003177,MOS9-0932,2013,2,9/25/2013,PROB,39.21987,-91.92117,Temperate Plains,MO,N,-0.380053345,-1.159848901,2.041146753,-0.077133055
1003178,NHRF-0003,2013,1,9/25/2013,HAND,44.1628,-71.09432,Northern Appalachians,NH,Y,-0.663904301,-0.542586315,0.151522727,-0.295342608
1003179,CAR9-0903,2013,2,9/25/2013,PROB,38.81627,-123.0112,Xeric,CA,N,-0.976934698,0.156595383,0.621222727,-0.217918456
1003180,COLS-1068,2013,1,9/26/2013,PROB,39.42576,-106.4124,Western Mountains,CO,Y,-0.419697223,-0.121206547,0.363654545,0.010145706
1003181,MTRO-1064,2013,1,9/25/2013,PROB,46.89505,-113.8148,Western Mountains,MT,Y,-0.480888271,0.55603186,1.447027273,-0.404403583
1003182,NYLS-1115,2013,1,9/26/2013,PROB,41.29257,-74.47551,Southern Appalachians,NY,Y,-0.30819542,-2.710201793,2.022790909,-0.505465944
1003183,TXRF-0005,2013,1,9/25/2013,HAND,31.94146,-95.87358,Coastal Plains,TX,Y,-0.271646218,-1.484589911,0.679519231,-0.186829741
1003184,ORR9-0904,2013,1,9/26/2013,PROB,42.41324,-123.158,Western Mountains,OR,Y,-0.862415739,-0.227478424,1.318222727,0.02716421
1003185,PARM-1007,2013,1,9/26/2013,PROB,41.97147,-75.74881,Northern Appalachians,PA,Y,-0.620612065,0.325632293,0.805225541,0.051503326
1003194,VARS11-129,2013,1,9/26/2013,PROB,37.8312,-77.1222,Coastal Plains,VA,Y,-0.499189902,-0.148010102,0.068181818,0.080741243
1003195,ARR9-0907,2013,1,9/26/2013,PROB,34.8014198,-90.77003066,Coastal Plains,AR,Y,-0.562826189,-2.121612092,0.6667,-0.090906128
1003196,ARRO-1023,2013,1,9/25/2013,PROB,33.19634,-93.39313,Coastal Plains,AR,Y,-0.633152719,-0.681514001,0,0.190586342
1003197,WARO-1041,2013,1,9/25/2013,PROB,47.25138,-122.2432,Western Mountains,WA,Y,-0.855284304,0.284488325,1.689459091,0.078275522
1003198,NCRF-0005,2013,1,9/27/2013,HAND,34.74249,-77.02224,Coastal Plains,NC,Y,-0.452001662,-0.877913036,0.6667,-0.029716535
1003199,WILS-1092,2013,1,9/26/2013,PROB,45.01127,-89.30812,Upper Midwest,WI,Y,-0.049723678,0.568830903,0.696995455,-0.180456064
1003200,NCR9-0907,2013,2,9/27/2013,PROB,36.15021,-76.73789,Coastal Plains,NC,N,-0.087874604,-0.895799453,1.356109091,-0.055853947
1003201,MASS-1073,2013,1,9/27/2013,PROB,42.20524,-73.3509,Northern Appalachians,MA,Y,0.166376285,-2.2799957,1.075790909,-0.000592624
1003212,UTR9-0903,2013,1,9/30/2013,PROB,40.98295,-111.4506,Western Mountains,UT,Y,-0.477911599,0.162525082,3.189477273,-0.68250648
1003262,ARR9-0902,2013,2,9/30/2013,PROB,34.35270394,-91.10541947,Coastal Plains,AR,N,-0.976934698,-1.177878669,0.045454545,0.138230908
1003263,GASS-1082,2013,1,10/1/2013,PROB,33.55278,-82.73688,Southern Appalachians,GA,Y,-0.080684134,0.038464395,0,0.116894402
1003264,GASS-1077,2013,1,10/2/2013,PROB,34.6743,-85.48737,Southern Appalachians,GA,Y,-0.10137453,-2.027311382,0.803063636,0.048424146
1003265,MARO-1020,2013,1,9/30/2013,PROB,42.53424,-71.30086,Northern Appalachians,MA,Y,-0.253578118,-1.849443963,2.219745455,-0.01618926
1003266,MARO-1021,2013,1,10/1/2013,PROB,42.57532,-72.70657,Northern Appalachians,MA,Y,-0.152932367,-1.107994973,1.26051342,0.044432849
1003267,MAS9-0916,2013,1,9/29/2013,PROB,42.70917,-72.45897,Northern Appalachians,MA,Y,-0.592686366,-2.42093423,0.734881818,0.146057528
1003456,AZR9-0913,2014,1,4/28/2014,PROB,33.47634,-114.6053,Xeric,AZ,Y,-0.616511048,-0.589143437,2.405974048,0.014440529
1003457,AZRM-1001,2014,1,4/28/2014,PROB,33.6684,-114.5313,Xeric,AZ,Y,-0.848268086,-1.614376261,2.891715,-0.345181959
1003458,AZLS-1054,2014,1,5/6/2014,PROB,31.51466,-110.1282,Xeric,AZ,Y,-0.92412139,-2.075328508,0.46959026,-0.302216053
1003459,AZR9-0904,2014,1,5/7/2014,PROB,33.29395,-109.4947,Xeric,AZ,Y,-0.534887652,-0.781363264,0,-0.277216553
1003460,AZRO-1031,2014,1,5/8/2014,PROB,33.29637,-109.1921,Western Mountains,AZ,Y,-0.730699373,-0.10788054,0,-0.122445424
1003461,FLS9-0917,2014,1,5/12/2014,PROB,30.29492,-85.29384,Coastal Plains,FL,Y,-0.551434206,-2.20646003,1.3334,0.122513748
1003462,FLS9-0921,2014,1,5/12/2014,PROB,30.10724,-82.13396,Coastal Plains,FL,Y,-0.562826189,-1.673287683,0,-0.322475999
1003463,NMSS-1081,2014,1,5/12/2014,PROB,35.88864,-105.448,Western Mountains,NM,Y,-1.037071311,-0.742200385,1.06667,0.02716421
1003464,TXSS-1209,2014,1,5/13/2014,PROB,35.27405,-100.7662,Southern Plains,TX,Y,-0.541705603,-2.655561774,0.909136364,-0.313241892
1003465,FLR9-0902,2014,1,5/13/2014,PROB,29.98459,-85.03299,Coastal Plains,FL,Y,-0.178963129,-2.203531532,0.136363636,-0.263422428
1003466,AZSS-1111,2014,1,5/13/2014,PROB,36.4193,-109.1022,Western Mountains,AZ,Y,-0.44096436,-0.903005433,0.393959091,-1.016086822
1003467,FLSS-1069,2014,1,5/13/2014,PROB,27.32147,-80.57938,Coastal Plains,FL,Y,-1.719173392,-1.3163989,1.492490909,-1.070581074
1003468,NMR9-0906,2014,1,5/13/2014,PROB,34.00485,-104.3148,Southern Plains,NM,Y,-0.996069706,-1.593569699,1.5,-0.258025161
1003471,TXR9-0905,2014,1,5/14/2014,PROB,35.97241,-100.8244,Southern Plains,TX,Y,-0.380053345,-2.080699851,0.33335,-0.497634963
1003472,FLR9-0901,2014,1,5/14/2014,PROB,30.35243,-84.68592,Coastal Plains,FL,Y,-0.368371778,-2.270978392,0,-0.405657684
1003473,NMS9-0926,2014,1,5/14/2014,PROB,35.77146,-105.0074,Southern Plains,NM,Y,-1.485090181,-2.137785177,1.318190909,-0.306193137
1003474,FLSS-1068,2014,1,5/14/2014,PROB,30.7611,-86.26433,Coastal Plains,FL,Y,-0.244818352,-1.688835051,1.304538528,0.283609567
1003475,GARO-1038,2014,1,5/14/2014,PROB,32.1258,-82.19105,Coastal Plains,GA,Y,-0.508638306,-1.374257871,0.33335,0.061041021
1003476,ALS9-0917,2014,1,5/14/2014,PROB,34.69505835,-87.76208738,Southern Appalachians,AL,Y,-0.427550863,-1.650014147,0.303031818,0.126957455
1003477,NMRM-1002,2014,1,5/14/2014,PROB,34.80287,-104.6276,Southern Plains,NM,Y,-0.727525465,-0.166531591,0.090913636,-0.140479617
1003478,NMS9-0920,2014,1,5/15/2014,PROB,36.1106,-105.7319,Western Mountains,NM,Y,-0.697000411,-1.238854237,1.901559091,-0.090298128
1003479,AZLS-1048,2014,1,5/14/2014,PROB,36.70098,-110.5256,Xeric,AZ,Y,-1.550030994,-2.58864944,0,-1.516347885
1003480,AZLS-1063,2014,1,5/14/2014,PROB,36.72811,-110.5395,Xeric,AZ,Y,-1.256062854,-3.291979213,0,-1.293204657
1003481,AZSS-1121,2014,1,5/15/2014,PROB,36.8397,-110.6755,Xeric,AZ,Y,-0.472018776,-1.469198192,0.575786364,-0.496085569
1003482,FLR9-0903,2014,1,5/15/2014,PROB,27.41502,-81.13117,Coastal Plains,FL,Y,-0.401906196,-1.901196024,0.46669,0.056904851
1003483,TXR9-0923,2014,1,5/15/2014,PROB,35.45114,-102.0051,Southern Plains,TX,Y,-1.378634852,-2.017952464,1.3334,-0.518296847
1003484,TXSS-1205,2014,1,5/15/2014,PROB,35.39091,-101.8318,Southern Plains,TX,Y,-0.771879741,-2.473893532,0.6667,-1.088358228
1003485,MSS9-0913,2014,1,5/16/2014,PROB,31.05989,-88.8882,Coastal Plains,MS,Y,-0.296317894,-2.43266756,0.6667,0.146409954
1003486,NMR9-0903,2014,1,5/16/2014,PROB,32.92507,-105.3375,Western Mountains,NM,Y,-1.22184875,-1.459152857,1.728014719,-1.190134333
1003487,NMLS-1045,2014,1,5/16/2014,PROB,35.3899,-105.9688,Xeric,NM,Y,-0.585026652,-0.495533144,1.159131818,0.05281632
1003488,FLRF-0001,2014,1,5/16/2014,HAND,30.76143,-81.96743,Coastal Plains,FL,Y,-0.996069706,-1.811304611,1.712145455,-0.493003268
1003489,FLLS-1049,2014,1,5/18/2014,PROB,27.41211,-81.14119,Coastal Plains,FL,Y,-0.322475999,-3.208743187,0,-0.276283188
1003490,FLS9-0919,2014,1,5/16/2014,PROB,27.05896,-81.38416,Coastal Plains,FL,Y,-0.282859263,-1.855164419,0.530313636,-0.187998707
1003491,FLS9-0922,2014,1,5/18/2014,PROB,29.77762,-81.30897,Coastal Plains,FL,Y,-0.480888271,-2.327424553,0.068181818,-0.489942687
1003492,FLS9-0923,2014,1,5/18/2014,PROB,30.75285,-85.25415,Coastal Plains,FL,Y,-0.368371778,-1.687493855,0.734881818,0.070793235
1003493,MSLS-1038,2014,1,5/18/2014,PROB,31.22619,-88.79175,Coastal Plains,MS,Y,-0.717110229,-2.530011365,0,0.052379096
1003494,NMSS-1085,2014,1,5/18/2014,PROB,35.71713,-105.4943,Western Mountains,NM,Y,-0.443697499,-2.314983457,0.659104545,-0.316298164
1003495,MSR9-0901,2014,1,5/16/2014,PROB,34.00166,-88.51833,Coastal Plains,MS,Y,-0.808396576,-0.880097298,0.356072727,0.061469615
1003496,TXRO-1079,2014,1,5/19/2014,PROB,33.05219,-100.7694,Southern Plains,TX,Y,-0.877039828,-1.292476084,1.5,-0.33939321
1003497,MSLS-1040,2014,1,5/19/2014,PROB,32.26957,-89.10569,Coastal Plains,MS,Y,-0.29827506,-1.402804047,0,0.008696929
1003498,NMR9-0901,2014,1,5/19/2014,PROB,35.79088,-104.6117,Southern Plains,NM,Y,-0.855284304,-1.340922033,1.333336364,-0.932489557
1003499,FLRO-1024,2014,1,5/19/2014,PROB,30.58699,-84.35733,Coastal Plains,FL,Y,-0.279089322,-1.529469671,0.409104545,-0.282859263
1003501,TXRF-0001,2014,1,5/20/2014,HAND,30.26058,-95.09361,Coastal Plains,TX,Y,-0.446447948,-2.034611392,0.348495455,-0.033964987
1003502,TXRF-0003,2014,1,5/19/2014,HAND,32.28046,-97.97061,Southern Plains,TX,Y,,,,
1003503,FLS9-0918,2014,1,5/20/2014,PROB,30.18841,-83.60819,Coastal Plains,FL,Y,-0.496085569,-1.19691499,1.537940909,-0.300241086
1003504,FLS9-0915,2014,1,5/19/2014,PROB,30.51885,-87.29779,Coastal Plains,FL,Y,-0.26432853,-1.406569329,1.946995455,0.100370545
1003505,KSRF-0005,2014,1,5/19/2014,HAND,39.7379,-101.8769,Southern Plains,KS,Y,0.000394634,-1.800060296,0,-0.164309429
1003506,TXRF-0007,2014,1,5/18/2014,HAND,33.30608,-100.5327,Southern Plains,TX,Y,-1.719173392,-1.229982025,0.969731818,-1.911058926
1003507,ALR9-0905,2014,1,5/20/2014,PROB,31.34380862,-85.60881312,Coastal Plains,AL,Y,-1.059121453,-0.386089029,0.643963636,0.056298355
1003509,KSRS-1260,2014,1,5/20/2014,PROB,37.03778,-95.08089,Temperate Plains,KS,Y,-0.83456681,-1.317694215,2.242468182,0.058028959
1003510,MSS9-0916,2014,1,5/20/2014,PROB,32.49147,-89.15185,Coastal Plains,MS,Y,-0.628932138,-2.181390981,2.522795455,-0.028660884
1003511,NMRF-0009,2014,1,5/20/2014,HAND,36.06703,-104.3721,Southern Plains,NM,Y,-0.482499584,-1.769073608,0.346161538,-0.58023483
1003512,NMRO-1028,2014,1,5/20/2014,PROB,35.8127,-104.906,Southern Plains,NM,Y,-1.037071311,-0.19871975,1.712145455,-0.50388841
1003513,UTS9-0929,2014,1,5/20/2014,PROB,37.51017,-112.0337,Xeric,UT,Y,-0.862415739,-1.40166014,1.462127273,-0.996069706
1003514,NMS9-0925,2014,1,5/21/2014,PROB,36.79741,-104.8783,Western Mountains,NM,Y,-1.037071311,-1.034138181,2.227304545,-1.190134333
1003515,ALLS-1039,2014,1,5/21/2014,PROB,31.65539,-86.71585,Coastal Plains,AL,Y,-0.267971962,-1.654930594,0.924281818,0.106206356
1003516,MSS9-0915,2014,1,5/21/2014,PROB,32.80646,-88.55028,Coastal Plains,MS,Y,-0.848268086,-2.556228552,1.477309091,-0.209842833
1003517,UTRM-1008,2014,1,5/21/2014,PROB,37.17928,-113.3778,Xeric,UT,Y,-0.521564691,-1.962621814,1.727318182,-0.376515765
1003518,TXRF-0002,2014,1,5/22/2014,HAND,29.40832,-99.32707,Southern Plains,TX,Y,-0.777756616,0.50386966,1.325795455,0.009663317
1003519,FLRO-1025,2014,1,5/21/2014,PROB,29.83141,-82.66405,Coastal Plains,FL,Y,-0.877039828,1.278173339,0.818195455,-0.232844134
1003520,CALS-1089,2014,1,5/20/2014,PROB,33.93082,-117.594,Xeric,CA,Y,-0.727525465,-2.63986644,0.659095455,0.151662309
1003521,GARO-1032,2014,1,5/21/2014,PROB,31.34047,-81.48489,Coastal Plains,GA,Y,-0.34155496,,0,-0.000098715
1003522,MSLS-1039,2014,1,5/22/2014,PROB,33.37182,-88.99623,Coastal Plains,MS,Y,-0.363785732,-3.097647992,0.575759091,0.028552768
1003523,NMLS-1047,2014,1,5/22/2014,PROB,36.48122,-105.0151,Southern Plains,NM,Y,-0.941022138,-1.540213634,1.946986364,-0.637414722
1003524,NMRF-0001,2014,1,5/22/2014,HAND,36.22154,-103.8507,Southern Plains,NM,Y,-0.257132103,-1.326489686,0.166672727,-1.455931956
1003525,UTS9-0931,2014,1,5/22/2014,PROB,37.07694,-113.597,Xeric,UT,Y,-0.502316586,-1.387047093,3.333463636,-0.789754465
1003526,NMRF-0002,2014,1,5/21/2014,HAND,36.58843,-103.3149,Southern Plains,NM,Y,-0.11018916,-0.449713704,0.090909091,-0.575638166
1003527,MSSS-1082,2014,1,5/23/2014,PROB,33.50947,-90.41456,Coastal Plains,MS,Y,-1.016086822,-2.542371914,3.3031,-0.369525896
1003529,TXRF-0008,2014,1,5/23/2014,HAND,31.21007,-100.462,Southern Plains,TX,Y,-1.428608832,1.585863072,0.765172727,-1.059121453
1003530,FLLS-1047,2014,1,5/23/2014,PROB,30.01741,-81.97161,Coastal Plains,FL,Y,-0.628932138,-1.560814037,0,-0.216291273
1003531,NMRM-1001,2014,1,5/23/2014,PROB,34.35425,-106.8532,Xeric,NM,Y,-0.907853776,-2.152331828,0.33335,0.112345981
1003532,FLS9-0921,2014,2,5/26/2014,PROB,30.10724,-82.13396,Coastal Plains,FL,N,-0.659375643,-1.32106826,0.098486364,-0.133041728
1003533,ALLS-1042,2014,1,5/23/2014,PROB,33.09741,-85.84587,Southern Appalachians,AL,Y,-0.677780705,0.128013263,0.295459091,0.23299611
1003534,ALR9-0902,2014,1,5/22/2014,PROB,32.48594217,-85.72031495,Coastal Plains,AL,Y,-0.892173573,-1.009923151,0.522731818,0.137152629
1003535,NMR9-0904,2014,1,5/26/2014,PROB,33.30077,-108.1255,Western Mountains,NM,Y,-0.976934698,-0.556364647,1.5,-1.132907664
1003536,NVR9-0902,2014,1,5/26/2014,PROB,35.07424,-114.6043,Xeric,NV,Y,-1.157731247,-0.006599302,2.935092208,-0.469102078
1003537,FLSS-1076,2014,1,5/21/2014,PROB,26.625,-80.16233,Coastal Plains,FL,Y,-1.550030994,-0.878649494,2.530409091,-1.378634852
1003538,FLR9-0902,2014,2,5/27/2014,PROB,29.98459,-85.03299,Coastal Plains,FL,N,-0.090298128,-0.598204528,0.204545455,0.12732572
1003539,CASS-1215,2014,1,5/27/2014,PROB,38.97275,-121.2915,Xeric,CA,Y,-0.738196627,0.572323546,0.666695455,0.001871325
1003540,NMRO-1030,2014,1,5/27/2014,PROB,33.55138,-107.5537,Western Mountains,NM,Y,-0.738196627,-1.991430057,0.969713636,-0.021342316
1003542,AZR9-0913,2014,2,5/28/2014,PROB,33.47634,-114.6053,Xeric,AZ,N,-0.508638306,-0.266993097,2.780327273,0.146762094
1003543,NMLS-1044,2014,1,5/28/2014,PROB,36.57492,-106.0472,Western Mountains,NM,Y,-0.296317894,1.011705482,0.522731818,-0.065501549
1003544,TXRM-1015,2014,1,5/28/2014,PROB,33.23304,-98.90742,Southern Plains,TX,Y,-0.808396576,-1.65339531,0.6667,-0.291463221
1003547,GARF-0003,2014,1,5/27/2014,HAND,34.89943,-83.5397,Southern Appalachians,GA,Y,-0.304200043,1.983403436,1.742504545,0.067003188
1003549,GARM-1002,2014,1,5/28/2014,PROB,33.87507,-84.44903,Southern Appalachians,GA,Y,-0.33939321,0.280316481,1.227290909,0.100370545
1003550,CASS-1278,2014,1,5/28/2014,PROB,39.14468,-120.4665,Western Mountains,CA,Y,-0.33939321,-0.364471269,0,-0.02813402
1003551,CASS-1339,2014,1,5/29/2014,PROB,38.59731,-122.5984,Xeric,CA,Y,-0.310206977,-1.484491462,0.947004545,0.107364166
1003552,FLRM-1001,2014,1,5/29/2014,PROB,30.21423,-85.11154,Coastal Plains,FL,Y,-0.195674667,-1.891477989,0.340909091,0.122141379
1003553,NMR9-0902,2014,1,5/29/2014,PROB,34.75015,-106.7425,Xeric,NM,Y,-1.346787486,-1.846490493,1.383335,-0.166693485
1003554,NMRM-1005,2014,1,5/29/2014,PROB,36.75052,-108.4182,Xeric,NM,Y,-0.877039828,-0.417631503,1.401527273,-0.113381107
1003555,TXRO-1082,2014,1,5/29/2014,PROB,33.20418,-97.80536,Southern Plains,TX,Y,-0.749136614,-1.481047551,0.303045455,0.003832468
1003557,NMS9-0926,2014,2,5/30/2014,PROB,35.77146,-105.0074,Southern Plains,NM,N,-1.242052138,-1.018471278,1.727286364,-0.327692186
1003558,GARF-0001,2014,1,5/30/2014,HAND,34.24611,-84.68597,Southern Appalachians,GA,Y,0.049746469,-0.113019806,0.045454545,0.339451441
1003559,SCSS-1058,2014,1,6/1/2014,PROB,32.46543,-81.03892,Coastal Plains,SC,Y,,,,
1003560,GALS-1052,2014,1,5/29/2014,PROB,34.51919,-84.59084,Southern Appalachians,GA,Y,-0.375342947,0.015525208,0.166668182,0.054125357
1003561,GARF-0002,2014,1,5/28/2014,HAND,31.22271,-84.46812,Coastal Plains,GA,Y,-0.125729081,-0.493492445,0.151522727,0.229809783
1003562,FLR9-0901,2014,2,5/28/2014,PROB,30.35243,-84.68592,Coastal Plains,FL,N,-0.157163916,-2.326125478,0.272740909,0.109287018
1003564,SCRF-0002,2014,1,6/2/2014,HAND,32.68479,-81.05108,Coastal Plains,GA,Y,-0.408935393,-2.131676105,0.80305,0.009180391
1003565,UTR9-0906,2014,1,6/2/2014,PROB,38.3528,-109.7535,Xeric,UT,Y,0.142588534,-2.0960009,0.068181818,0.101934445
1003566,OKRM-1021,2014,1,6/2/2014,PROB,35.02582,-97.35414,Southern Plains,OK,Y,-1.314602807,-1.311856795,0.173076923,-0.375162793
1003567,MIR9-0907,2014,1,6/2/2014,PROB,42.82316,-84.93878,Upper Midwest,MI,Y,-0.538283248,0.17902892,0.287881818,0.208355838
1003568,KYR9-0906,2014,1,9/10/2014,PROB,37.97943,-82.67112,Southern Appalachians,KY,Y,-0.1614371,-1.551954059,1.106086364,-0.03933467
1003569,OHRO-1034,2014,1,9/4/2014,PROB,39.90839,-84.29816,Temperate Plains,OH,Y,-0.170111712,2.346716784,0.416681818,0.018265381
1003570,NDSS-1131,2014,1,6/3/2014,PROB,46.55055,-101.705,Northern Plains,ND,Y,-0.366072702,-2.386201873,1.530304545,-1.256062854
1003571,IAS9-0919,2014,1,6/3/2014,PROB,41.37959,-94.89794,Temperate Plains,IA,Y,-1.190134333,-1.525949533,1.901531818,-2
1003572,INS9-0925,2014,1,6/3/2014,PROB,39.6101,-84.95963,Temperate Plains,IN,Y,-0.288576254,-1.702866958,0.356072727,0.320523934
1003573,SCSS-1054,2014,1,6/3/2014,PROB,32.72384,-80.49558,Coastal Plains,SC,Y,-1.104376576,-2.223883183,0,-1.132907664
1003574,UTR9-0907,2014,1,6/3/2014,PROB,39.30653,-110.4052,Xeric,UT,Y,-0.600483603,-1.810387672,1.022727273,-0.070697211
1003575,CASS-1226,2014,1,6/3/2014,PROB,37.11441,-119.1693,Western Mountains,CA,Y,-0.361510743,-0.179188054,0.075759091,-0.011603214
1003576,SDS9-0944,2014,1,6/3/2014,PROB,45.90933,-103.429,Northern Plains,SD,Y,-1.719173392,-2.515452879,3.293350649,-0.66163407
1003577,WVRM-1001,2014,1,6/3/2014,PROB,39.2489,-77.8141,Southern Appalachians,WV,Y,-0.521564691,1.711328651,1.833377273,-0.016701823
1003578,MORO-1049,2014,1,6/2/2014,PROB,38.89431,-93.02175,Temperate Plains,MO,Y,-0.653113822,0.040661775,0.530313636,-0.046416011
1003579,AZLS-1054,2014,2,6/4/2014,PROB,31.51466,-110.1282,Xeric,AZ,N,-1.614649124,-1.947990063,0,-0.427550863
1003580,OKSS-1444,2014,1,6/3/2014,PROB,34.85096,-97.91055,Southern Plains,OK,Y,-0.363785732,-3.529708097,0.5985,-0.084864093
1003581,TXRM-1017,2014,1,6/4/2014,PROB,29.61204,-104.4674,Xeric,TX,Y,-0.83456681,-0.847659509,0.83335,-0.214670165
1003582,MOR9-0905,2014,1,6/4/2014,PROB,38.24012,-91.80405,Southern Appalachians,MO,Y,-0.496085569,-0.099534314,1.719763636,0.069953856
1003583,SCS9-0920,2014,1,6/4/2014,PROB,33.82362,-80.06803,Coastal Plains,SC,Y,-0.68250648,,0.697004545,-0.018243151
1003586,SDR9-0919,2014,1,6/4/2014,PROB,44.39509,-102.8051,Northern Plains,SD,Y,-1.132907664,-0.661843625,1.136395455,-0.232844134
1003587,AZSS-1116,2014,1,6/5/2014,PROB,31.88153,-109.2165,Xeric,AZ,Y,-1.082351291,-0.776497868,1.363677273,-0.133712661
1003588,LAS9-0945,2014,1,6/4/2014,PROB,31.33362,-92.50204,Coastal Plains,LA,Y,-0.269805204,-2.843742284,0.545454545,0.074965965
1003589,LAR9-0904,2014,1,6/3/2014,PROB,31.55119,-91.80545,Coastal Plains,LA,Y,-0.304200043,-3.352096657,0.833363636,0.005297536
1003590,CASS-1181,2014,1,6/5/2014,PROB,38.73232,-120.4784,Western Mountains,CA,Y,-0.443697499,-0.06435029,0.727272727,0.087652375
1003591,CARO-1043,2014,1,6/4/2014,PROB,38.18245,-120.701,Xeric,CA,Y,-0.56644835,-0.853481137,0,0.096040554
1003592,MNRM-1004,2014,1,6/5/2014,PROB,47.30733,-93.83196,Upper Midwest,MN,Y,-1.22184875,-2.155994219,0,-1.037071311
1003593,MORO-1048,2014,1,6/5/2014,PROB,38.09329,-91.13971,Southern Appalachians,MO,Y,-0.267971962,-0.161582898,1.072179004,0.034974646
1003594,NDSS-1115,2014,1,6/5/2014,PROB,46.61594,-102.0195,Northern Plains,ND,Y,-0.083306837,-1.951260627,1.772740909,-0.438248312
1003595,WVS9-0924,2014,1,6/5/2014,PROB,39.472,-78.36353,Southern Appalachians,WV,Y,-0.477911599,-1.460250593,0.181827273,0.058891682
1003596,NDR9-0921,2014,1,6/8/2014,PROB,47.28029,-101.1779,Northern Plains,ND,Y,-1.363177906,-0.875439771,2.185283333,-0.58735282
1003597,SCR9-0901,2014,1,6/6/2014,PROB,33.88391,-78.78474,Coastal Plains,SC,Y,-0.55923399,-0.008601671,0,0.050625786
1003598,SCR9-0902,2014,1,6/5/2014,PROB,33.90909,-79.4403,Coastal Plains,SC,Y,-0.136812371,-2.559378552,0.572738182,-0.06036731
1003599,TXRM-1001,2014,1,6/6/2014,PROB,29.02616,-103.3128,Xeric,TX,Y,-0.892173573,-1.332539922,0.628795455,-0.485391882
1003600,TXR9-0902,2014,1,6/8/2014,PROB,29.77151,-101.7318,Xeric,TX,Y,-0.389630237,2.492429047,0.469713636,-0.996069706
1003601,MSR9-0902,2014,1,6/8/2014,PROB,33.91374,-88.53107,Coastal Plains,MS,Y,-0.570100974,-2.243392063,0.666672727,0.200962364
1003602,FLSS-1107,2014,1,6/8/2014,PROB,26.66816,-81.98964,Coastal Plains,FL,Y,-1.160579093,,3.772836364,-0.562826189
1003603,CORO-1032,2014,1,6/9/2014,PROB,38.6962,-104.7115,Southern Plains,CO,Y,-1.160579093,-1.132726979,1.553054545,-0.590758735
1003604,PASS-1165,2014,1,6/9/2014,PROB,41.02335,-78.90572,Southern Appalachians,PA,Y,-0.368371778,-1.913962042,0,-0.074195843
1003605,CARO-1047,2014,1,6/9/2014,PROB,38.1522,-121.2841,Xeric,CA,Y,-0.706938935,-1.150985076,2.704586364,-0.233688572
1003606,NDR9-0918,2014,1,6/9/2014,PROB,45.97889,-98.16758,Temperate Plains,ND,Y,-1.190134333,-1.711295853,3.378904545,-1.293204657
1003607,ORRF-0113,2014,1,6/7/2014,HAND,42.8064,-124.3894,Western Mountains,OR,Y,-1.22184875,-0.029339365,0.575786364,-0.095801018
1003608,ORRF-0115,2014,1,6/8/2014,HAND,42.72616,-124.2711,Western Mountains,OR,Y,-0.907853776,0.115348865,0.33335,0.096435979
1003609,MOS9-0940,2014,1,6/9/2014,PROB,37.76799,-93.58094,Southern Appalachians,MO,Y,-0.746926459,-0.233106775,1.257618182,-0.078313525
1003610,MSRF-0002,2014,1,6/9/2014,HAND,32.98167,-89.38315,Coastal Plains,MS,Y,-0.570100974,-1.588382568,0.431836364,0.184497852
1003611,OKRF-0101,2014,1,6/9/2014,HAND,35.28665,-95.26315,Southern Appalachians,OK,Y,-1.063669082,-2.192661906,0.159090909,-0.121791662
1003612,VTR9-0902,2014,1,6/9/2014,PROB,43.79297,-72.67631,Northern Appalachians,VT,Y,-0.562826189,-0.21215173,2.795518182,-0.007566991
1003613,WVSS-1042,2014,1,6/9/2014,PROB,38.65011,-80.76148,Southern Appalachians,WV,Y,-0.608423395,0.092664638,1.136368182,-0.318347694
1003614,IARO-1018,2014,1,6/10/2014,PROB,43.00886,-91.87465,Upper Midwest,IA,Y,-0.483885483,-0.65676882,1.310306277,0.072884612
1003615,CORO-1035,2014,1,6/10/2014,PROB,38.35013,-104.6111,Southern Plains,CO,Y,-0.783714109,-1.921027571,0.553031818,-0.327692186
1003616,NDSS-1112,2014,1,6/10/2014,PROB,46.83159,-102.5029,Northern Plains,ND,Y,-0.401906196,-1.705564036,0.75,-0.592686366
1003617,UTRF-0001,2014,1,6/10/2014,HAND,37.55187,-113.4091,Xeric,UT,Y,-0.044224814,-2.761158871,1.787895455,-0.073026498
1003618,PASS-1164,2014,1,6/10/2014,PROB,41.74656,-79.30665,Northern Appalachians,PA,Y,-0.620612065,-0.903105734,0,0.044432849
1003619,SDR9-0913,2014,1,6/10/2014,PROB,42.8542,-97.28016,Temperate Plains,SD,Y,-0.795880017,-1.582441996,2.772845455,-0.754711716
1003620,CARO-1040,2014,1,6/10/2014,PROB,38.12113,-121.5295,Xeric,CA,Y,-0.389630237,,3.924290909,-0.802093205
1003621,FLLS-1063,2014,1,6/10/2014,PROB,27.09596,-82.21519,Coastal Plains,FL,Y,-0.789754465,-1.285431007,0.628809091,-0.089690978
1003622,NCRO-1015,2014,1,6/9/2014,PROB,34.32929,-79.03643,Coastal Plains,NC,Y,-0.616511048,-2.004936765,0,0.013507506
1003623,SCRO-1015,2014,1,6/8/2014,PROB,34.3282,-79.32,Coastal Plains,SC,Y,-0.496085569,-2.169602847,0,0.016843484
1003624,KSRS-1314,2014,1,6/10/2014,PROB,37.63481,-97.75061,Southern Plains,KS,Y,-0.511834012,-1.864952728,1.045486364,-0.173042186
1003625,MOR9-0908,2014,1,6/10/2014,PROB,37.53898,-92.36536,Southern Appalachians,MO,Y,-0.738196627,-0.529826911,0.068181818,-0.248301085
1003626,VTRS-1011,2014,1,6/10/2014,PROB,44.65121,-72.97038,Northern Appalachians,VT,Y,-0.738196627,-1.585244348,1.780372727,-0.166476211
1003627,IASS-1091,2014,1,6/11/2014,PROB,43.16721,-91.67862,Upper Midwest,IA,Y,-0.624752178,-2.448650887,2.394004545,-0.521564691
1003628,NHS9-0913,2014,1,6/10/2014,PROB,44.39319,-71.21993,Northern Appalachians,NH,Y,-0.711994806,-0.266445718,0.151522727,-0.01109663
1003629,SDSS-1195,2014,1,6/10/2014,PROB,44.38846,-103.4086,Northern Plains,SD,Y,-1.333822512,-2.317052497,2.401563636,-0.331910718
1003630,MTR9-0918,2014,1,6/10/2014,PROB,47.61666,-112.6811,Northern Plains,MT,Y,-0.641718964,0.379398225,0.212127273,-0.186479663
1003631,WVRF-0004,2014,1,6/10/2014,HAND,39.32045,-79.68259,Southern Appalachians,WV,Y,-0.552137517,1.059054363,1.033937879,0.168230826
1003632,OKRF-0004,2014,1,6/11/2014,HAND,36.24905,-95.73396,Temperate Plains,OK,Y,-0.701941243,3.062128023,0.245317965,-0.071860293
1003633,CALS-1098,2014,1,6/10/2014,PROB,39.75739,-123.7248,Western Mountains,CA,Y,-0.427550863,0.257460965,0,0.149568984
1003634,PASS-1167,2014,1,6/11/2014,PROB,41.28689,-78.52937,Northern Appalachians,PA,Y,-0.396954096,-0.268354446,0.674259091,0.133538908
1003635,FLS9-0929,2014,1,6/11/2014,PROB,30.96982,-86.99359,Coastal Plains,FL,Y,-0.438248312,-1.779719507,0.931854545,0.098407718
1003636,LARM-1003,2014,1,6/11/2014,PROB,31.23039,-91.92194,Coastal Plains,LA,Y,-0.37769176,0.465074957,0.090913636,-0.162153403
1003637,MNLS-1096,2014,1,6/11/2014,PROB,46.61228,-96.03441,Upper Midwest,MN,Y,-0.941022138,-0.652121985,0.88749026,-1.837272689
1003638,NMS9-0924,2014,1,6/11/2014,PROB,36.78886,-106.2405,Western Mountains,NM,Y,-0.81479278,-2.22058766,0,-0.637414722
1003639,VTR9-0904,2014,1,6/11/2014,PROB,43.79749,-72.5009,Northern Appalachians,VT,Y,-0.83456681,0.296941322,2.096043939,0.038150322
1003641,NER9-0913,2014,1,6/9/2014,PROB,40.78429,-98.73232,Southern Plains,NE,Y,-0.534887652,-2.363255889,0.849938528,-0.201914638
1003642,NES9-0931,2014,1,6/10/2014,PROB,40.24371,-97.53552,Southern Plains,NE,Y,-0.528175086,-1.535261732,0.090909091,-0.137760169
1003643,WVR9-0904,2014,1,6/10/2014,PROB,38.58809,-80.89452,Southern Appalachians,WV,Y,-0.486903525,0.23863823,1.212163636,-0.125729081
1003644,WVS9-0925,2014,1,6/11/2014,PROB,38.80394,-80.89189,Southern Appalachians,WV,Y,-0.821284597,-0.304687058,2.60003,-0.201522002
1003645,IAS9-0927,2014,1,6/12/2014,PROB,42.61752,-91.28995,Upper Midwest,IA,Y,-0.427550863,-0.497364821,0.409109091,-0.20034622
1003646,NER9-0908,2014,1,6/11/2014,PROB,40.35743,-98.13044,Southern Plains,NE,Y,-0.862415739,-1.252425267,0.696990909,-0.096416777
1003647,IASS-1092,2014,1,6/11/2014,PROB,42.88145,-94.2817,Temperate Plains,IA,Y,-0.646066292,-1.50153696,1.333386364,-2
1003648,NMR9-0902,2014,2,6/12/2014,PROB,34.75015,-106.7425,Xeric,NM,N,-0.802093205,-2.042109324,1.409090909,0.019210733
1003649,CARM-1014,2014,1,6/11/2014,PROB,39.88092,-122.0575,Xeric,CA,Y,-0.687284247,0.876287077,1.492454545,-0.142530437
1003650,NHS9-0911,2014,1,6/12/2014,PROB,43.81879,-71.19524,Northern Appalachians,NH,Y,-0.749136614,-0.846766432,0.484872727,-0.167200881
1003651,SDLS-1110,2014,1,6/12/2014,PROB,43.40178,-100.9843,Northern Plains,SD,Y,-0.438248312,-2.969496867,1.272772727,-0.289536445
1003652,UTSS-1100,2014,1,6/11/2014,PROB,38.01992,-111.6545,Western Mountains,UT,Y,0.185464885,-1.356222529,0,-0.118537529
1003653,UTRF-0002,2014,1,6/12/2014,HAND,38.18247,-111.1541,Xeric,UT,Y,-0.304200043,-0.78941361,0,-0.680137166
1003654,ALLS-1041,2014,1,6/12/2014,PROB,30.69485,-87.92435,Coastal Plains,AL,Y,-1.190134333,,0.810640909,-0.174514871
1003655,MNRM-1008,2014,1,6/12/2014,PROB,46.26806,-94.34819,Upper Midwest,MN,Y,-0.449215928,-1.256745958,0.185430303,-0.06435535
1003656,PASS-1166,2014,1,6/12/2014,PROB,39.88029,-75.27583,Coastal Plains,PA,Y,-0.382427842,0.039958781,2.462181818,-0.46620484
1003657,IAS9-0922,2014,1,6/12/2014,PROB,43.35915,-93.86843,Temperate Plains,IA,Y,-0.92412139,-1.951070405,1.166718182,-2
1003658,MOLS-1082,2014,1,6/12/2014,PROB,37.91398,-90.825,Southern Appalachians,MO,Y,-0.738196627,-0.474623594,1.151536364,0.155128918
1003659,NVS9-0924,2014,1,6/12/2014,PROB,39.21429,-114.5413,Xeric,NV,Y,-0.288896082,-1.386757382,1.2917125,-0.117404319
1003664,OKRF-0003,2014,1,6/13/2014,HAND,36.18365,-98.92051,Southern Plains,OK,Y,-0.941022138,-1.571077818,0.363636364,-0.258920061
1003666,NMRM-1007,2014,1,6/13/2014,PROB,33.03974,-108.5324,Western Mountains,NM,Y,-0.687284247,-0.463968522,1.287909091,-0.018758145
1003667,UTLS-1059,2014,1,6/13/2014,PROB,38.80907,-111.316,Xeric,UT,Y,-1.190134333,-1.652075,1.295454545,-0.218734339
1003668,NDRF-0001,2014,1,6/15/2014,HAND,46.59192,-101.7355,Northern Plains,ND,Y,-1.132907664,-0.366464887,1.886454545,-1.167781491
1003669,SCR9-0903,2014,1,6/13/2014,PROB,34.12622,-80.65031,Coastal Plains,SC,Y,-0.592686366,-2.230196141,0.030304545,0.001379652
1003670,SCRF-0001,2014,1,6/12/2014,HAND,33.31078,-81.19278,Coastal Plains,SC,Y,-0.808396576,,0.909109091,-0.052499441
1003671,SCS9-0922,2014,1,6/10/2014,PROB,33.76763,-80.07379,Coastal Plains,SC,Y,0.01206992,,0.606063636,0.133175877
1003672,SDRM-1005,2014,1,6/13/2014,PROB,43.68389,-100.2087,Northern Plains,SD,Y,-1.160579093,-1.554309665,1.598554545,-0.596567486
1003673,ALR9-0902,2014,2,6/14/2014,PROB,32.48594217,-85.72031495,Coastal Plains,AL,N,-0.877039828,-1.131125533,0.818190909,0.101934445
1003674,ALS9-0917,2014,2,6/15/2014,PROB,34.69505835,-87.76208738,Southern Appalachians,AL,N,-0.616511048,-0.126822481,0.356068182,0.166712608
1003675,ORRF-0108,2014,1,6/12/2014,HAND,44.97614,-118.7488,Western Mountains,OR,Y,-0.668480681,0.288976462,0.181827273,-0.078313525
1003676,ORRF-0110,2014,1,6/11/2014,HAND,44.09827,-118.5869,Western Mountains,OR,Y,-0.570100974,0.079816151,0,-0.300241086
1003677,ORRF-0119,2014,1,6/14/2014,HAND,44.12161,-118.3435,Western Mountains,OR,Y,-0.697000411,-1.808305582,0,-0.150831954
1003678,WYR9-0902,2014,1,6/16/2014,PROB,41.59625,-109.1488,Xeric,WY,Y,-2,-2.29343825,0.651540909,-1.005962945
1003679,MDS9-0918,2014,1,6/16/2014,PROB,39.69017,-76.93024,Southern Appalachians,MD,Y,-0.337242168,-0.584711841,0.166672727,0.184497852
1003680,RISS-1079,2014,1,6/16/2014,PROB,41.56816,-71.18604,Northern Appalachians,RI,Y,-0.037716783,-0.943915983,2.280313636,0.169059608
1003681,NDLS-1067,2014,1,6/16/2014,PROB,46.33039,-102.9981,Northern Plains,ND,Y,-1.132907664,-2.166697792,2.1667,-2
1003682,SDRF-0002,2014,1,6/16/2014,HAND,45.73475,-100.6148,Northern Plains,SD,Y,-1.22184875,-2.359107377,1.477322727,-0.516672099
1003683,OKLS-1204,2014,1,6/16/2014,PROB,34.17387,-96.08742,Coastal Plains,OK,Y,-1.132907664,-1.467957664,0.068181818,-0.184211011
1003684,OKLS-1209,2014,1,6/16/2014,PROB,34.30293,-95.65807,Southern Appalachians,OK,Y,-0.335101728,-0.846803249,0.060609091,0.162319955
1003685,SCRM-1001,2014,1,6/15/2014,PROB,34.93019,-80.8684,Southern Appalachians,SC,Y,,,,
1003686,SCRO-1013,2014,1,6/16/2014,PROB,34.70969,-82.46106,Southern Appalachians,SC,Y,-0.760359317,-3.013522864,0.819638528,-0.061503018
1003687,UTSS-1110,2014,1,6/16/2014,PROB,39.61126,-111.0646,Xeric,UT,Y,-0.717110229,-1.426659742,1.060659091,-0.786723786
1003688,MDSS-1090,2014,1,6/17/2014,PROB,39.32064,-77.20777,Southern Appalachians,MD,Y,-0.760359317,-1.02151976,2.354222078,0.181583765
1003689,IASS-1093,2014,1,6/17/2014,PROB,41.14847,-92.53798,Temperate Plains,IA,Y,-0.848268086,-2.315547127,1.621218182,0.177339705
1003690,COSS-1095,2014,1,6/17/2014,PROB,40.64981,-106.9236,Western Mountains,CO,Y,-0.65489372,-2.18178509,0,-0.08727083
1003691,AZLS-1048,2014,2,6/17/2014,PROB,36.70098,-110.5256,Xeric,AZ,N,-2,-1.791418269,0,-1.428608832
1003692,MTR9-0919,2014,1,6/17/2014,PROB,48.14733,-107.549,Northern Plains,MT,Y,-1.550030994,-1.232656715,2.045481818,-2
1003693,TXR9-0911,2014,1,6/17/2014,PROB,31.77034,-103.7793,Xeric,TX,Y,-0.502316586,-1.294609152,1.6894,-0.523207881
1003694,CAR9-0910,2014,1,6/17/2014,PROB,37.59638,-121.1288,Xeric,CA,Y,-0.472018776,-1.128545599,1.954971429,-0.202700976
1003695,MSSS-1081,2014,1,6/16/2014,PROB,34.14459,-90.10347,Coastal Plains,MS,Y,-1.550030994,-0.648478741,2.401581818,-2
1003696,GAR9-0901,2014,1,6/17/2014,PROB,30.70227,-83.03386,Coastal Plains,GA,Y,-0.528175086,-1.271903882,0.42425,0.034519076
1003697,LAR9-0902,2014,1,6/12/2014,PROB,31.6265,-92.90921,Coastal Plains,LA,Y,-0.417110589,-2.616147853,0.030304545,-0.064928071
1003698,NDLS-1072,2014,1,6/17/2014,PROB,45.97747,-102.9781,Northern Plains,ND,Y,-0.430496043,-0.991870173,2.055583333,-2
1003699,ORRM-1003,2014,1,6/17/2014,PROB,44.63184,-119.6373,Western Mountains,OR,Y,-1.016086822,0.178744328,1.447022727,-0.227811696
1003700,SDRF-0003,2014,1,6/17/2014,HAND,45.33649,-103.3416,Northern Plains,SD,Y,-0.808396576,-2.182779433,1.5,-0.743632175
1003701,CASS-1248,2014,1,6/17/2014,PROB,39.66106,-120.8893,Western Mountains,CA,Y,-0.383858798,0.319975806,0,0.077037392
1003703,LASS-1049,2014,1,6/17/2014,PROB,31.77988,-93.58421,Coastal Plains,LA,Y,-0.493003268,-1.887573421,0,0.111964786
1003704,MNR9-0916,2014,1,6/19/2014,PROB,46.94815,-92.43222,Upper Midwest,MN,Y,-0.498567259,1.320631002,0,-0.245686421
1003705,MNRF-0002,2014,1,6/17/2014,HAND,43.79339,-91.48406,Upper Midwest,MN,Y,-0.996069706,-1.333345531,0.787913636,-0.34155496
1003706,SCLS-1031,2014,1,6/17/2014,PROB,34.96664,-82.10085,Southern Appalachians,SC,Y,-0.542469802,,1.045472727,-0.00556286
1003707,NDR9-0908,2014,1,6/17/2014,PROB,47.97871,-103.8253,Northern Plains,ND,Y,-0.862415739,-1.363633647,0.401531818,-0.18195415
1003708,VTRS-1009,2014,1,6/16/2014,PROB,44.5708,-71.59714,Northern Appalachians,VT,Y,-0.02082425,-1.937513677,0.340918182,0.045767361
1003709,VTRS-1061,2014,1,6/17/2014,PROB,43.82188,-72.64266,Northern Appalachians,VT,Y,-0.641718964,-1.142147866,2.233816234,-0.029188389
1003710,WVSS-1043,2014,1,6/17/2014,PROB,39.65962,-80.59558,Southern Appalachians,WV,Y,-0.892173573,-0.810441773,0.83335,-0.079497211
1003711,NHRF-0001,2014,1,6/17/2014,HAND,42.91113,-71.99575,Northern Appalachians,NH,Y,-0.432866652,0.016051893,0.272740909,0.058891682
1003712,MDSS-1081,2014,1,6/18/2014,PROB,38.76444,-75.73556,Coastal Plains,MD,Y,-0.147353685,-1.230390362,0.090909091,0.130260649
1003713,NDSS-1133,2014,1,6/18/2014,PROB,46.27863,-104.0273,Northern Plains,ND,Y,-0.646066292,-2.765716288,1.969731818,-0.717110229
1003714,SDSS-1201,2014,1,6/17/2014,PROB,43.04438,-98.72007,Northern Plains,SD,Y,-1.256062854,-3.173540303,1.780322727,-0.406915415
1003715,WVRF-0005,2014,1,6/17/2014,HAND,38.10789,-80.20821,Southern Appalachians,WV,Y,-0.637414722,1.080129368,0.378804545,0.197531161
1003716,COSS-1111,2014,1,6/18/2014,PROB,40.16962,-106.5673,Western Mountains,CO,Y,-0.920818754,-1.081911626,0.136363636,-0.105130343
1003717,NDRF-0002,2014,1,6/18/2014,HAND,46.2534,-103.9119,Northern Plains,ND,Y,-1.626419331,-1.47439163,1.401581818,-1.626419331
1003718,TXLS-1117,2014,1,6/18/2014,PROB,31.4733,-100.4694,Southern Plains,TX,Y,-0.521564691,-2.66225132,1.613645455,-0.008069472
1003719,WARM-1005,2014,1,6/17/2014,PROB,48.05018,-119.6806,Xeric,WA,Y,-0.976934698,-2.228357283,1.780381818,-0.30819542
1003720,WVSS-1045,2014,1,6/16/2014,PROB,38.22115,-81.88153,Southern Appalachians,WV,Y,-0.588839621,-0.941141164,0.068181818,-0.06036731
1003721,WVSS-1047,2014,1,6/18/2014,PROB,39.56015,-79.75748,Southern Appalachians,WV,Y,-0.472018776,-1.24966054,0.469713636,0.142872758
1003722,AZLS-1072,2014,1,6/18/2014,PROB,33.71384,-110.8185,Xeric,AZ,Y,-0.581246868,-1.057224907,0.6667,-1.293204657
1003723,COSS-1114,2014,1,6/18/2014,PROB,39.15753,-107.7973,Western Mountains,CO,Y,-0.158583644,-0.819873611,0.33335,0.106978572
1003724,IAS9-0919,2014,2,6/18/2014,PROB,41.37959,-94.89794,Temperate Plains,IA,N,-1.059121453,-1.720704524,1.901531818,-2
1003725,NDR9-0909,2014,1,6/18/2014,PROB,46.76208,-97.19334,Temperate Plains,ND,Y,-0.534887652,-2.283753188,2.121313636,0.028552768
1003726,SCR9-0904,2014,1,6/18/2014,PROB,34.57048,-81.77745,Southern Appalachians,SC,Y,-0.650457577,-2.025989593,0.393945455,0.043987098
1003727,VTRS-1005,2014,1,6/18/2014,PROB,44.31131,-72.10034,Northern Appalachians,VT,Y,-0.499189902,-0.978042484,0.909127273,0.111201393
1003728,SDRF-0004,2014,1,6/18/2014,HAND,43.64373,-101.7829,Northern Plains,SD,Y,-0.727525465,-0.317012026,1.5,-0.631037302
1003729,WARM-1002,2014,1,6/18/2014,PROB,48.13943,-119.0654,Xeric,WA,Y,-1.016086822,-2.493398634,1.295513636,-0.320406941
1003731,WVS9-0926,2014,1,6/19/2014,PROB,38.46936,-82.27878,Southern Appalachians,WV,Y,-0.477911599,-0.945186379,2.659113636,-0.151530964
1003732,GAR9-0906,2014,1,6/18/2014,PROB,32.00825,-83.29546,Coastal Plains,GA,Y,0.015892959,-1.520031479,0.446977273,0.157882419
1003733,SCS9-0921,2014,1,6/19/2014,PROB,34.7692,-83.01151,Southern Appalachians,SC,Y,-0.335956639,,0.545454545,0.165702855
1003734,ILS9-0922,2014,1,6/19/2014,PROB,39.34781,-88.05272,Temperate Plains,IL,Y,-0.577499695,-2.018509864,1.530318182,-0.749136614
1003735,CARO-1042,2014,1,6/19/2014,PROB,37.39213,-120.7909,Xeric,CA,Y,-0.706938935,-0.716539172,1.909127273,-0.150134068
1003738,NDRM-1002,2014,1,6/19/2014,PROB,46.41016,-100.6711,Northern Plains,ND,Y,-1.837272689,-2.028458827,0.939440909,-2
1003739,NVLS-1069,2014,1,6/18/2014,PROB,41.99317,-117.528,Xeric,NV,Y,-0.783714109,-0.625788537,0.42425,-0.570100974
1003740,NVR9-0917,2014,1,6/17/2014,PROB,41.00565,-117.3393,Xeric,NV,Y,-0.795880017,-1.259300192,1.791683333,-0.181829111
1003741,WYRO-1034,2014,1,6/19/2014,PROB,41.02374,-107.504,Xeric,WY,Y,-0.706938935,-0.113197591,0.477286364,-0.361510743
1003742,CALS-1115,2014,1,6/19/2014,PROB,39.98053,-121.9723,Xeric,CA,Y,-0.363785732,-0.544200292,0,0.180282312
1003743,CAS9-0923,2014,1,6/18/2014,PROB,39.59863,-120.9972,Western Mountains,CA,Y,-0.384815394,-0.109879777,0.075759091,-0.008572536
1003744,TXRO-1078,2014,1,6/19/2014,PROB,31.53799,-100.1848,Southern Plains,TX,Y,-0.827874927,-1.244199378,0.250009091,-0.581246868
1003745,ORRM-1006,2014,1,6/19/2014,PROB,44.82284,-119.85,Western Mountains,OR,Y,-0.710978911,-0.01032934,1.181863636,-0.446447948
1003746,MSR9-0905,2014,1,6/18/2014,PROB,32.58246,-89.8487,Coastal Plains,MS,Y,-0.848268086,-1.485880106,1.015168182,0.1660397
1003747,IALS-1055,2014,1,6/19/2014,PROB,41.99173,-95.12794,Temperate Plains,IA,Y,-1.016086822,-2.474432961,1.30305,-2
1003748,LARM-1002,2014,1,6/19/2014,PROB,30.12132,-90.91755,Coastal Plains,LA,Y,0.048247532,-3.356191535,2.189422727,-0.139376836
1003749,NHRF-0002,2014,1,6/19/2014,HAND,43.78668,-71.208,Northern Appalachians,NH,Y,-0.760359317,0.085489074,0.454568182,0.052379096
1003750,CORM-1004,2014,1,6/20/2014,PROB,40.51533,-107.236,Xeric,CO,Y,-0.401906196,0.279848721,0.484863636,0.023439534
1003751,MSS9-0917,2014,1,6/20/2014,PROB,31.19723,-89.69055,Coastal Plains,MS,Y,-0.570100974,-1.637037518,0,0.197844211
1003752,CARM-1006,2014,1,6/18/2014,PROB,37.55588,-121.1505,Xeric,CA,Y,-1.082351291,-1.007490124,1.780354545,-0.24917615
1003753,MNRF-0005,2014,1,6/20/2014,HAND,46.78465,-95.149,Upper Midwest,MN,Y,-0.592686366,-1.59296311,0.242436364,-0.243087403
1003754,NDR9-0921,2014,2,6/22/2014,PROB,47.28029,-101.1779,Northern Plains,ND,N,-1.037071311,-0.53586323,1.785688182,-0.811582902
1003755,ORRF-0107,2014,1,6/18/2014,HAND,45.63943,-117.7274,Western Mountains,OR,Y,-0.592686366,0.798367296,0.4091,-0.042044616
1003756,ALRO-1020,2014,1,6/23/2014,PROB,31.41142,-86.06452,Coastal Plains,AL,Y,-1.378634852,-1.47311894,0.5682,0.150616908
1003757,CARO-1050,2014,1,6/23/2014,PROB,39.38059,-121.633,Xeric,CA,Y,-0.862415739,1.010509574,1.189445455,-0.182705135
1003758,FLRM-1002,2014,1,6/22/2014,PROB,29.75396,-82.94206,Coastal Plains,FL,Y,-0.306193137,-0.71729763,1.810663636,0.1206487
1003759,MTS9-0927,2014,1,6/23/2014,PROB,45.43382,-107.7782,Northern Plains,MT,Y,-0.284756577,-2.212320805,1.46975,-0.040958608
1003760,MTSS-1289,2014,1,6/23/2014,PROB,46.40587,-112.3704,Western Mountains,MT,Y,-0.541705603,-0.723663582,1.3334,-0.310206977
1003761,NDR9-0918,2014,2,6/23/2014,PROB,45.97889,-98.16758,Temperate Plains,ND,N,-1.160579093,-1.706492224,2.181909091,-1.070581074
1003762,OKSS-1431,2014,1,6/23/2014,PROB,36.76012,-96.28956,Southern Plains,OK,Y,-0.174514871,-0.185017626,0.643945455,-0.375342947
1003763,ORRF-0116,2014,1,6/16/2014,HAND,45.37816,-117.6533,Western Mountains,OR,Y,-0.326643925,-0.263298743,0,0.104269785
1003764,PARO-1049,2014,1,6/23/2014,PROB,41.9999,-76.62264,Northern Appalachians,PA,Y,-1.293204657,0.042905061,0.413007662,0.029014637
1003765,ORRF-0118,2014,1,6/21/2014,HAND,45.95473,-117.786,Western Mountains,OR,Y,-0.197226275,0.696214253,0,-0.024463756
1003766,NDLS-1065,2014,1,6/24/2014,PROB,47.14528,-101.3734,Northern Plains,ND,Y,-0.821284597,-1.297425048,1.984877273,-0.858835384
1003767,NES9-0922,2014,1,6/23/2014,PROB,42.09737,-101.1665,Southern Plains,NE,Y,-0.555671259,-1.312333334,0.060609091,-0.238789975
1003768,GARO-1034,2014,1,6/24/2014,PROB,31.98338,-82.13766,Coastal Plains,GA,Y,-0.168653858,-1.466804085,0.128790909,0.046654763
1003769,MNRF-0004,2014,1,6/24/2014,HAND,47.31549,-91.78944,Upper Midwest,MN,Y,-0.432866652,1.045337356,0.136368182,0.054540101
1003771,MOR9-0912,2014,1,6/24/2014,PROB,38.82912,-90.41661,Temperate Plains,MO,Y,-0.646066292,-3.215222422,0.136368182,0.074134621
1003772,MTS9-0948,2014,1,6/24/2014,PROB,45.00148,-107.6834,Northern Plains,MT,Y,-0.427550863,-2.680188531,1.340909091,-0.257132103
1003773,PARM-1003,2014,1,6/24/2014,PROB,41.71462,-76.32307,Northern Appalachians,PA,Y,-0.976934698,0.593080211,0.856086364,0.124000042
1003774,SDR9-0913,2014,2,6/24/2014,PROB,42.8542,-97.28016,Temperate Plains,SD,N,-0.612448395,-1.403810016,0.909127273,-0.250052981
1003775,SDS9-0944,2014,2,6/24/2014,PROB,45.90933,-103.429,Northern Plains,SD,N,-1.719173392,-2.388604332,1.742454545,-1.903089987
1003776,TXR9-0902,2014,2,6/24/2014,PROB,29.77151,-101.7318,Xeric,TX,N,-0.384815394,3.888706748,0.454568182,-0.684888793
1003777,VTRS-1006,2014,1,6/24/2014,PROB,43.74102,-73.24526,Northern Appalachians,VT,Y,-0.469102078,-0.156580122,1.106095455,-1.132907664
1003778,WARM-1004,2014,1,6/24/2014,PROB,46.69022,-117.4968,Xeric,WA,Y,-1.106894235,-1.839111401,1.924304545,-0.546890239
1003779,NHRM-1004,2014,1,6/24/2014,PROB,43.26269,-71.5564,Northern Appalachians,NH,Y,-0.588839621,0.915912964,0.616549784,-0.202700976
1003780,MNRF-0001,2014,1,6/25/2014,HAND,47.65025,-91.60249,Upper Midwest,MN,Y,-0.508638306,-1.156397942,0.136368182,0.149918572
1003781,CARO-1051,2014,1,6/25/2014,PROB,37.58872,-121.0651,Xeric,CA,Y,-0.958607315,-0.093677105,1.56825,-0.226978598
1003782,PAS9-0924,2014,1,6/25/2014,PROB,41.8317,-76.33241,Northern Appalachians,PA,Y,-0.687284247,-0.195902964,0.33335,0.064457989
1003783,ORRF-0109,2014,1,6/24/2014,HAND,43.86593,-122.4082,Western Mountains,OR,Y,-0.502316586,1.010508745,0.462131818,0.132084958
1003784,ILLS-1068,2014,1,6/24/2014,PROB,38.90585,-88.99894,Temperate Plains,IL,Y,-0.701941243,0.447422,0.765168182,-0.115307598
1003785,ILS9-0919,2014,1,6/20/2014,PROB,39.41046,-89.1314,Temperate Plains,IL,Y,-0.477911599,-2.346423655,1.477286364,-1.774220952
1003786,MSRF-0003,2014,1,6/19/2014,HAND,31.45095,-90.01,Coastal Plains,MS,Y,-0.613798395,-1.063868758,0.314822222,0.168464745
1003787,MTR9-0907,2014,1,6/25/2014,PROB,48.34598,-107.5838,Northern Plains,MT,Y,-0.65489372,-1.516674042,1.431886364,-0.738196627
1003788,MTRO-1069,2014,1,6/25/2014,PROB,48.34598,-107.5838,Northern Plains,MT,Y,-0.69017634,-1.94954267,2.447086364,-0.677780705
1003789,ILRO-1022,2014,1,6/25/2014,PROB,38.72384,-89.4926,Temperate Plains,IL,Y,-0.555671259,-0.946432332,1.219727273,0.168725098
1003790,MORM-1007,2014,1,6/25/2014,PROB,38.66484,-91.8674,Temperate Plains,MO,Y,-0.603642122,-3.026958915,0.4091,0.172390614
1003791,MTSS-1291,2014,1,6/25/2014,PROB,45.19492,-107.7614,Northern Plains,MT,Y,-0.446218077,-3.604191129,0.819466667,0.074481207
1003792,IALS-1052,2014,1,6/25/2014,PROB,42.05726,-93.73743,Temperate Plains,IA,Y,-0.727525465,-1.251633599,0.477286364,-0.015165945
1003793,SDSS-1196,2014,1,6/25/2014,PROB,43.41842,-101.0899,Northern Plains,SD,Y,-0.5315184,-2.49403367,0.636372727,0.05018635
1003794,FLS9-0929,2014,2,6/25/2014,PROB,30.96982,-86.99359,Coastal Plains,FL,N,-0.616511048,-1.473020204,0.6667,-0.09703341
1003795,MSR9-0903,2014,1,6/24/2014,PROB,30.88339,-88.77355,Coastal Plains,MS,Y,-1.190134333,-1.281026375,0.909118182,0.03950425
1003796,SDSS-1203,2014,1,6/25/2014,PROB,44.29952,-103.5739,Western Mountains,SD,Y,-0.496085569,-0.662236037,1.295513636,-1.094449417
1003797,CALS-1087,2014,1,6/24/2014,PROB,39.61321,-121.7794,Xeric,CA,Y,-0.624752178,1.413242663,1.24245,-0.389630237
1003798,CALS-1108,2014,1,6/24/2014,PROB,39.40277,-122.1703,Xeric,CA,Y,-1.22184875,-0.66993137,0.530304545,-0.364927712
1003799,MTRM-1005,2014,1,6/26/2014,PROB,48.50016,-108.8066,Northern Plains,MT,Y,-1.106894235,-1.413554152,0.818222727,-0.604435354
1003800,NDR9-0906,2014,1,6/26/2014,PROB,47.50223,-97.33886,Temperate Plains,ND,Y,-0.949725729,-2.430526122,1.484918182,0.020154032
1003801,WVS9-0924,2014,2,6/25/2014,PROB,39.472,-78.36353,Southern Appalachians,WV,N,-0.286662216,-1.374458424,0.257581818,0.032692004
1003802,WVSS-1041,2014,1,6/26/2014,PROB,38.14842,-82.21046,Southern Appalachians,WV,Y,-0.573784579,-0.393101632,1.000045455,-0.114664485
1003803,WVLS-1019,2014,1,6/24/2014,PROB,39.12646,-78.55908,Southern Appalachians,WV,Y,-0.706938935,0.582341883,0.765186364,-0.328742984
1003804,TXRM-1021,2014,1,6/26/2014,PROB,28.64427,-99.78095,Southern Plains,TX,Y,-0.677780705,-2.631954786,0.33335,0.015892959
1003805,MNRF-0009,2014,1,6/26/2014,HAND,48.0691,-92.13111,Upper Midwest,MN,Y,-0.92412139,-1.984833901,0,-0.34920696
1003806,MNSS-1174,2014,1,6/26/2014,PROB,48.29439,-92.74453,Upper Midwest,MN,Y,-0.548632296,-2.053769259,1.213680455,-0.143216202
1003807,NERO-1043,2014,1,6/26/2014,PROB,40.89354,-96.60389,Temperate Plains,NE,Y,-0.738196627,-2.644517237,1.67425,-0.295342608
1003808,NVRO-1041,2014,1,6/25/2014,PROB,41.78608,-114.9674,Xeric,NV,Y,-0.78105624,-2.117353003,0.6667,-0.165190887
1003809,WARM-1008,2014,1,6/25/2014,PROB,46.58347,-118.4194,Xeric,WA,Y,-0.754711716,-2.743037742,2.668546753,-0.390842336
1003811,COR9-0907,2014,1,6/25/2014,PROB,40.47797,-108.9082,Xeric,CO,Y,-0.592686366,-1.446748905,0.303031818,-0.293398583
1003812,CORM-1007,2014,1,6/24/2014,PROB,40.48799,-108.7551,Xeric,CO,Y,-0.976934698,-0.104146936,0,-0.216291273
1003814,MNRF-0003,2014,1,6/27/2014,HAND,47.87413,-94.89827,Upper Midwest,MN,Y,-0.404403583,-1.711880719,0.106063636,0.077450494
1003815,TXR9-0924,2014,1,6/27/2014,PROB,29.44391,-99.99401,Southern Plains,TX,Y,-0.719491671,-0.206817756,0.500003846,-0.51406028
1003816,ALLS-1037,2014,1,6/26/2014,PROB,31.11972,-86.15249,Coastal Plains,AL,Y,-0.771879741,-1.150281277,0.181818182,0.178322791
1003817,ALR9-0903,2014,1,6/27/2014,PROB,31.08686327,-87.08175172,Coastal Plains,AL,Y,-0.892173573,-0.530713565,0.515159091,0.097225749
1003818,MNRF-0010,2014,1,6/29/2014,HAND,48.09914,-96.1165,Temperate Plains,MN,Y,-0.996069706,0.434289464,1.41418355,-0.237082841
1003819,ORR9-0907,2014,1,6/25/2014,PROB,45.16978,-120.4823,Xeric,OR,Y,-0.650457577,0.655495274,0.969718182,-0.561026376
1003820,MNRF-0006,2014,1,6/30/2014,HAND,47.8434,-95.22562,Upper Midwest,MN,Y,-0.633152719,-2.486903272,0.33335,-0.092124689
1003821,OKRO-1092,2014,1,6/30/2014,PROB,35.56492,-97.94991,Southern Plains,OK,Y,-0.808396576,-1.452977605,0.598490909,-0.09703341
1003822,ORR9-0901,2014,1,6/30/2014,PROB,43.99127,-123.6643,Western Mountains,OR,Y,,,,
1003823,IDRO-1052,2014,1,6/30/2014,PROB,42.8237,-116.8078,Xeric,ID,Y,-0.432866652,0.674859505,0.681818182,-0.410710614
1003824,VTRS-1013,2014,1,6/30/2014,PROB,43.89401,-73.04,Northern Appalachians,VT,Y,-0.20034622,-0.440056719,0,0.259311468
1003825,MNRF-0007,2014,1,7/1/2014,HAND,46.02088,-93.23841,Upper Midwest,MN,Y,-0.81479278,-0.88927903,0,-0.143216202
1003826,OKRF-0002,2014,1,7/1/2014,HAND,35.69016,-95.16564,Temperate Plains,OK,Y,-0.771879741,-1.399868562,0,-0.163589563
1003827,IDS9-0924,2014,1,7/1/2014,PROB,42.75271,-116.0744,Xeric,ID,Y,0.054995862,-0.553793109,0,0.22542677
1003828,ILSS-1118,2014,1,6/26/2014,PROB,37.57781,-88.65127,Southern Appalachians,IL,Y,-0.996069706,-1.566750569,0.204545455,0.192808126
1003829,LAS9-0947,2014,1,7/1/2014,PROB,31.36399,-93.19881,Coastal Plains,LA,Y,-0.538283248,-3.058405218,0,0.204674834
1003830,PAR9-0901,2014,1,7/1/2014,PROB,41.41992,-78.74775,Northern Appalachians,PA,Y,-0.668480681,1.069334525,1.24245,0.036338494
1003834,NHR9-0901,2014,1,7/1/2014,PROB,44.24308,-72.04818,Northern Appalachians,NH,Y,-1.059121453,-2.807221724,0.90155,-0.129702526
1003835,NVLS-1072,2014,1,6/30/2014,PROB,38.4235,-119.0023,Xeric,NV,Y,-1.016086822,-3.140847694,0.7273,-0.34920696
1003836,WAR9-0909,2014,1,7/1/2014,PROB,47.69212,-121.9663,Western Mountains,WA,Y,-0.92412139,-0.345888615,1.037927273,-0.153634768
1003837,WARF-0108,2014,1,6/28/2014,HAND,47.6281,-124.0173,Western Mountains,WA,Y,-0.552137517,0.4678363,0.045454545,0.125481266
1003838,WARF-0109,2014,1,6/29/2014,HAND,47.53304,-123.679,Western Mountains,WA,Y,-0.92412139,0.352063722,0.401527273,-0.032366943
1003839,DESS-1092,2014,1,7/2/2014,PROB,39.72249,-75.66642,Southern Appalachians,DE,Y,-0.45480538,-0.503627156,1.749665368,0.036338494
1003840,INRM-1003,2014,1,7/2/2014,PROB,39.12838,-84.82103,Southern Appalachians,IN,Y,-0.92412139,-2.751764062,0.33335,0.121395681
1003841,NESS-1134,2014,1,7/2/2014,PROB,41.82238,-96.85704,Temperate Plains,NE,Y,-0.976934698,-2.076048413,0.378804545,-0.508638306
1003842,WIRF-0001,2014,1,7/2/2014,HAND,45.92504,-92.63887,Upper Midwest,WI,Y,-0.795880017,-0.655814765,0.075759091,0.001871325
1003843,LAS9-0945,2014,2,7/2/2014,PROB,31.33362,-92.50204,Coastal Plains,LA,N,-0.48960395,-2.614391477,0.722222222,0.239646998
1003845,WARF-0110,2014,1,7/1/2014,HAND,47.8501,-123.951,Western Mountains,WA,Y,-0.518296847,-0.787478975,0.030304545,-0.013126522
1003846,WAS9-0916,2014,1,7/2/2014,PROB,47.05149,-122.7213,Western Mountains,WA,Y,-0.077133055,0.610821094,2.378840909,-0.134384632
1003847,MSS9-0919,2014,1,7/6/2014,PROB,31.31669,-90.29969,Coastal Plains,MS,Y,-0.738196627,0.916027001,0.977281818,0.051064777
1003848,NYRF-0006,2014,1,7/6/2014,HAND,43.25015,-74.20937,Northern Appalachians,NY,Y,-0.328742984,-2.014188243,2.403011255,-0.023420781
1003849,ORR9-0906,2014,1,7/2/2014,PROB,44.37292,-123.8363,Western Mountains,OR,Y,-0.616511048,0.899441115,1.284046883,0.021095286
1003850,MER9-0905,2014,1,7/7/2014,PROB,43.49885,-70.46423,Northern Appalachians,ME,Y,-0.236231784,-2.624041723,1.378836364,0.126588878
1003851,IAS9-0921,2014,1,7/7/2014,PROB,42.40439,-95.87348,Temperate Plains,IA,Y,-0.808396576,-1.251087038,1.121254545,-0.12771126
1003852,NYR9-0914,2014,1,7/7/2014,PROB,43.25553,-73.5864,Northern Appalachians,NY,Y,-1.059121453,-0.310475459,2.068254545,-0.015677301
1003853,TXSS-1229,2014,1,7/7/2014,PROB,27.56777,-97.79459,Coastal Plains,TX,Y,-0.795880017,-2.744212902,0.204545455,-0.505465944
1003854,CORF-0003,2014,1,7/7/2014,HAND,38.71062,-108.2765,Xeric,CO,Y,-0.659375643,-1.103889039,2.818222727,-0.637414722
1003855,MIRM-1001,2014,1,7/7/2014,PROB,44.67449,-84.32747,Upper Midwest,MI,Y,-0.958607315,-0.467449946,0.545468182,-0.250931586
1003856,MSS9-0917,2014,2,7/7/2014,PROB,31.19723,-89.69055,Coastal Plains,MS,N,-0.760359317,-2.042661831,0,0.134626186
1003857,OKS9-0941,2014,1,7/7/2014,PROB,35.75565,-96.21008,Southern Plains,OK,Y,-1.293204657,-1.754548318,0.166672727,0.060612003
1003858,WVLS-1020,2014,1,7/7/2014,PROB,38.26276,-81.22258,Southern Appalachians,WV,Y,-0.588839621,0.079074672,1.697009091,0.053253104
1003859,NHRM-1002,2014,1,7/7/2014,PROB,44.71296,-71.1727,Northern Appalachians,NH,Y,-0.486903525,-2.331607166,0.651540909,-0.219551758
1003860,ILS9-0924,2014,1,7/8/2014,PROB,40.3726,-89.40746,Temperate Plains,IL,Y,-0.042044616,-2.315515576,1.416677273,-1.190134333
1003861,WIRF-0010,2014,1,7/8/2014,HAND,45.91435,-89.75703,Upper Midwest,WI,Y,-0.685230194,-1.63635958,0.047621429,-0.095361724
1003862,INRM-1005,2014,1,7/8/2014,PROB,40.79022,-85.82739,Temperate Plains,IN,Y,-0.585026652,-0.272461416,2.174309091,0.250253617
1003863,NYRF-0004,2014,1,7/8/2014,HAND,43.48307,-73.79941,Northern Appalachians,NY,Y,-0.279089322,-0.01776687,1.022759091,-0.01211039
1003864,NYRM-1006,2014,1,7/8/2014,PROB,43.47235,-73.84035,Northern Appalachians,NY,Y,-0.760359317,1.039542792,1.234881818,0.008696929
1003865,CALS-1102,2014,1,7/8/2014,PROB,37.89016,-118.7154,Xeric,CA,Y,-0.354756416,-2.432029159,0,-0.347006883
1003866,CORF-0005,2014,1,7/8/2014,HAND,38.63686,-108.4186,Xeric,CO,Y,-0.486903525,-2.562734319,2.15155,-0.267971962
1003868,MNSS-1168,2014,1,7/8/2014,PROB,47.29311,-91.56625,Upper Midwest,MN,Y,-0.356996206,-2.157117471,1.3334,0.053169941
1003869,MOLS-1086,2014,1,7/8/2014,PROB,37.25198,-89.66009,Coastal Plains,MO,Y,-0.489942687,-1.903361448,1.075795455,0.164690749
1003870,MSR9-0908,2014,1,7/8/2014,PROB,31.5687,-89.32066,Coastal Plains,MS,Y,-0.877039828,-0.748041388,0.522740909,0.087652375
1003871,NDLS-1068,2014,1,7/8/2014,PROB,47.47418,-102.6896,Northern Plains,ND,Y,-0.641718964,-2.85421119,1.3334,-0.508638306
1003872,NESS-1128,2014,1,7/8/2014,PROB,40.05924,-101.753,Southern Plains,NE,Y,-0.419697223,-3.265583786,1.272736364,-2
1003873,OKSS-1429,2014,1,7/8/2014,PROB,34.54844,-95.89648,Southern Appalachians,OK,Y,-1.333822512,-0.347773825,0,-0.029188389
1003874,ORRM-1010,2014,1,7/8/2014,PROB,45.99067,-118.9969,Xeric,OR,Y,-0.738737131,,2.699293182,-0.743632175
1003875,PAR9-0909,2014,1,7/8/2014,PROB,40.14318,-75.51026,Southern Appalachians,PA,Y,0.088458266,0.633145057,2.068236364,0.083600335
1003876,LAR9-0905,2014,1,7/8/2014,PROB,32.06618,-93.41412,Coastal Plains,LA,Y,-0.359021943,-2.846323257,1.106374762,-0.119867227
1003877,MTR9-0921,2014,1,7/8/2014,PROB,47.79247,-109.2768,Northern Plains,MT,Y,-1.293204657,0.192690226,0,-1.837272689
1003878,MTS9-0930,2014,1,7/8/2014,PROB,48.72955,-105.4412,Northern Plains,MT,Y,-1.157731247,-1.283751149,2.938034199,-1.402903423
1003879,SDRO-1070,2014,1,7/8/2014,PROB,44.03291,-101.5472,Northern Plains,SD,Y,-1.005962945,-1.497610232,0.45835625,-1.016086822
1003880,IAS9-0932,2014,1,7/8/2014,PROB,42.44584,-96.01966,Temperate Plains,IA,Y,-0.958607315,-2.824675812,1.121268182,-0.972279834
1003881,WARM-1003,2014,1,7/8/2014,PROB,46.03379,-117.1125,Western Mountains,WA,Y,-0.659375643,0.548019267,1.379909524,-0.410710614
1003883,MIR9-0909,2014,1,7/8/2014,PROB,44.64747,-84.09452,Upper Midwest,MI,Y,-0.749136614,0.335486405,0.333340909,0.042199508
1003884,NYRF-0003,2014,1,7/9/2014,HAND,44.55787,-73.44391,Northern Appalachians,NY,Y,-0.438248312,-1.854179058,0.984877273,-0.012618159
1003885,RIS9-0911,2014,1,7/9/2014,PROB,41.84804,-71.78683,Northern Appalachians,RI,Y,0.224250457,-1.398573503,0.181827273,0.315302273
1003886,NDLS-1070,2014,1,7/9/2014,PROB,48.39032,-102.7695,Northern Plains,ND,Y,-0.662994785,-2.139539664,2.469745455,-0.899942911
1003887,WIRF-0009,2014,1,7/9/2014,HAND,46.03254,-89.99097,Upper Midwest,WI,Y,-1.22184875,-2.248939259,0.136368182,0.174377023
1003888,CORF-0002,2014,1,7/9/2014,HAND,39.56461,-108.5008,Xeric,CO,Y,-0.312227896,-1.352035847,0.33335,-0.117889618
1003889,ILSS-1117,2014,1,7/9/2014,PROB,39.94937,-90.56089,Temperate Plains,IL,Y,-0.562826189,-1.15351468,0.454559091,0.191539927
1003890,MNS9-0931,2014,1,7/9/2014,PROB,47.75502,-91.53362,Upper Midwest,MN,Y,-0.125729081,-0.348141005,0.790719913,-0.051942868
1003891,MOSS-1166,2014,1,7/9/2014,PROB,38.40648,-90.38821,Southern Appalachians,MO,Y,-0.83456681,-0.328221594,2.394004545,0.108134329
1003892,NER9-0911,2014,1,7/9/2014,PROB,40.62492,-100.5746,Southern Plains,NE,Y,-0.588839621,-3.048467563,1.197022727,-0.126388803
1003893,ORSS-1175,2014,1,7/9/2014,PROB,45.87203,-117.9262,Western Mountains,OR,Y,-0.569530767,-1.065621214,0,-0.325598187
1003894,TXR9-0906,2014,1,7/9/2014,PROB,29.15721,-97.38375,Southern Plains,TX,Y,-0.411983086,-1.840445992,0.121218182,-0.493003268
1003895,MER9-0901,2014,1,7/9/2014,PROB,47.13183,-67.8981,Northern Appalachians,ME,Y,-0.687284247,-2.756538026,1.742509091,0.184497852
1003896,MTS9-0933,2014,1,7/9/2014,PROB,48.94323,-106.8565,Northern Plains,MT,Y,-0.821284597,-0.716923309,1.765168182,-1.3130389
1003897,OKSS-1430,2014,1,7/9/2014,PROB,35.46899,-94.95436,Southern Appalachians,OK,Y,-0.422299355,0.286555071,0.136363636,0.025771198
1003898,PAS9-0915,2014,1,7/9/2014,PROB,40.07336,-75.22354,Southern Appalachians,PA,Y,0.150616908,-0.112993651,2.238146753,0.105819732
1003899,SDRO-1074,2014,1,7/9/2014,PROB,44.10255,-101.0015,Northern Plains,SD,Y,-1.293204657,-1.353969196,0.212131818,-0.789754465
1003901,MTRM-1001,2014,1,7/9/2014,PROB,48.36584,-108.1537,Northern Plains,MT,Y,-0.633152719,-2.483009779,1.242486364,-0.383619977
1003902,NYRM-1002,2014,1,7/10/2014,PROB,43.30507,-73.59358,Northern Appalachians,NY,Y,-0.432866652,0.748149443,2.439468182,0.047982476
1003903,DELS-1038,2014,1,7/9/2014,PROB,39.69242,-75.72293,Southern Appalachians,DE,Y,-0.502316586,-0.686658062,1.522754545,-0.022900232
1003904,WAR9-0904,2014,1,7/9/2014,PROB,46.27617,-118.1925,Xeric,WA,Y,-0.706938935,-0.46242966,0.940865801,-0.228646397
1003905,NDLS-1073,2014,1,7/10/2014,PROB,48.02285,-102.1922,Northern Plains,ND,Y,-0.384815394,-2.161005893,2.348518182,-1.774220952
1003906,TXLS-1120,2014,1,7/10/2014,PROB,29.30338,-97.69902,Coastal Plains,TX,Y,-0.821284597,-0.284563425,0.984881818,-0.182705135
1003907,CORF-0004,2014,1,7/10/2014,HAND,39.50958,-108.5253,Xeric,CO,Y,-0.384815394,-0.659631184,0.992459091,-0.069537236
1003908,CALS-1099,2014,1,7/9/2014,PROB,38.36417,-119.4448,Xeric,CA,Y,-0.417110589,-0.811609529,0.36365,-0.081874308
1003909,ILS9-0926,2014,1,7/10/2014,PROB,39.59013,-90.8737,Temperate Plains,IL,Y,-0.486903525,0.454381685,1.7273,0.079098985
1003910,MNRO-1050,2014,1,7/10/2014,PROB,47.20552,-92.80054,Upper Midwest,MN,Y,-0.978236616,,0.088235294,0.120939345
1003911,MSR9-0903,2014,2,7/9/2014,PROB,30.88339,-88.77355,Coastal Plains,MS,N,-1.106894235,-1.187026692,0.775640693,0.096040554
1003912,IDRF-0101,2014,1,7/9/2014,HAND,46.50987,-114.7182,Western Mountains,ID,Y,-0.744727495,0.667178634,0.363654545,0.089262664
1003913,IDR9-0902,2014,1,7/7/2014,PROB,46.13488,-115.9599,Western Mountains,ID,Y,-0.907853776,0.348244385,1.935087662,-0.252694148
1003914,IDRM-1003,2014,1,7/7/2014,PROB,46.24418,-116.0405,Western Mountains,ID,Y,-0.555671259,0.801385341,1.689427273,-0.201129721
1003915,MSR9-0906,2014,1,7/10/2014,PROB,31.09621,-89.27796,Coastal Plains,MS,Y,-0.717110229,-1.388154513,1.265190909,0.018265381
1003916,CASS-1271,2014,1,7/10/2014,PROB,38.58012,-119.8887,Western Mountains,CA,Y,-0.31061041,-0.946025409,0,-0.100751707
1003917,KSR9-0915,2014,1,7/8/2014,PROB,38.37939,-96.2142,Temperate Plains,KS,Y,-1.016086822,-2.706208788,1.159122727,0.151662309
1003918,WARF-0107,2014,1,7/5/2014,HAND,48.63428,-120.4822,Western Mountains,WA,Y,-0.754711716,0.447987453,0.424254545,-0.035568932
1003919,IDRM-1005,2014,1,7/10/2014,PROB,44.26038,-114.7981,Western Mountains,ID,Y,-0.706938935,0.423556043,1.583345455,-0.474955193
1003920,PAS9-0914,2014,1,7/10/2014,PROB,41.7208,-75.41279,Northern Appalachians,PA,Y,-0.035568932,-1.195989651,0.992468182,-0.068380351
1003921,SCR9-0902,2014,2,7/10/2014,PROB,33.90909,-79.4403,Coastal Plains,SC,N,-0.591143577,-2.438579605,0.242436364,-0.016701823
1003922,SCS9-0920,2014,2,7/11/2014,PROB,33.82362,-80.06803,Coastal Plains,SC,N,-0.68250648,,0.151522727,0.058460535
1003923,SCR9-0901,2014,2,7/9/2014,PROB,33.88391,-78.78474,Coastal Plains,SC,N,-0.548632296,1.079323877,0,0.087248868
1003924,NYRF-0001,2014,1,7/11/2014,HAND,42.60627,-73.47956,Northern Appalachians,NY,Y,-0.322475999,-0.617637587,1.022759091,0.088860651
1003925,UTS9-0928,2014,1,7/10/2014,PROB,40.86446,-110.5394,Western Mountains,UT,Y,-0.071278363,-0.539327394,0,-0.08727083
1003926,NER9-0912,2014,1,7/10/2014,PROB,40.2352,-100.3105,Southern Plains,NE,Y,-0.677780705,-1.367604643,0.439413636,-0.552137517
1003927,NERO-1042,2014,1,7/11/2014,PROB,41.22095,-99.24727,Southern Plains,NE,Y,-0.608423395,-3.491578362,0.803063636,-0.141162149
1003928,ILS9-0919,2014,2,7/11/2014,PROB,39.41046,-89.1314,Temperate Plains,IL,N,-0.552137517,-2.016597308,1.351742208,-0.967674334
1003929,NHRM-1005,2014,1,7/10/2014,PROB,44.62447,-71.54729,Northern Appalachians,NH,Y,-1.719173392,-1.544483555,0.727309091,-0.430200625
1003930,CORO-1034,2014,1,7/11/2014,PROB,40.11629,-108.282,Xeric,CO,Y,-0.659375643,-0.312534774,1.128813636,-0.375342947
1003932,MSRF-0001,2014,1,7/11/2014,HAND,31.35115,-90.84966,Coastal Plains,MS,Y,-1.082351291,-0.592283076,0,0.070793235
1003933,MTLS-1139,2014,1,7/10/2014,PROB,48.9226,-106.7994,Northern Plains,MT,Y,-0.862415739,-1.949711496,1.416668182,-0.456214057
1003934,COR9-0904,2014,1,7/13/2014,PROB,40.94132,-102.3414,Southern Plains,CO,Y,-0.848268086,-1.355838658,0.469713636,-0.740905897
1003935,MELS-1049,2014,1,7/11/2014,PROB,46.57604,-68.08781,Northern Appalachians,ME,Y,-0.020203386,0.401453542,0,0.108903128
1003936,MELS-1053,2014,1,7/10/2014,PROB,46.1289,-67.84635,Northern Appalachians,ME,Y,-1.293204657,-0.118228993,1.211453463,-0.395724843
1003937,NYLS-1116,2014,1,7/13/2014,PROB,43.73873,-74.9586,Northern Appalachians,NY,Y,-0.46620484,-1.762405033,0.121218182,-0.022900232
1003938,SCRO-1014,2014,1,7/13/2014,PROB,33.29672,-81.85058,Coastal Plains,SC,Y,-0.941022138,-2.543318879,0.121218182,0.024373703
1003939,COLS-1061,2014,1,7/13/2014,PROB,37.75138,-107.3354,Western Mountains,CO,Y,-1.22184875,-0.494395467,0.33335,-0.350311193
1003941,COS9-0930,2014,1,7/14/2014,PROB,38.18577,-106.4895,Western Mountains,CO,Y,-0.286662216,-1.711835017,1.969713636,-0.203488741
1003942,NYRF-0005,2014,1,7/14/2014,HAND,44.30054,-75.3443,Northern Appalachians,NY,Y,-0.491470281,-0.350210034,0.349576407,0.00627151
1003943,NYRO-1060,2014,1,7/14/2014,PROB,44.33427,-75.47149,Northern Appalachians,NY,Y,-0.612448395,-2.566055191,3.151590909,-0.04258864
1003944,MOLS-1079,2014,1,7/11/2014,PROB,36.49841,-90.27924,Coastal Plains,MO,Y,-0.967674334,-3.096222864,3.512267273,-0.422299355
1003945,MOR9-0904,2014,1,7/10/2014,PROB,37.02754,-90.64282,Southern Appalachians,MO,Y,-0.738196627,-0.023027787,0.952414286,-0.048066696
1003946,OKLS-1203,2014,1,7/14/2014,PROB,35.92513,-96.71988,Southern Plains,OK,Y,-0.508638306,2.745878279,0.757586364,0.004321374
1003947,ORS9-0940,2014,1,7/14/2014,PROB,43.1678,-123.6913,Western Mountains,OR,Y,-0.384815394,0.109773145,0.803068182,0.041302946
1003948,SCLS-1033,2014,1,7/14/2014,PROB,33.89573,-82.01938,Southern Appalachians,SC,Y,-0.361510743,0.516843754,0,0.139664461
1003949,ALR9-0906,2014,1,7/13/2014,PROB,31.68739652,-88.05213311,Coastal Plains,AL,Y,-0.808396576,-1.770177912,0.166668182,0.107749418
1003950,MERO-1027,2014,1,7/13/2014,PROB,47.28617,-68.11975,Northern Appalachians,ME,Y,-1.485090181,-0.448244299,0.757613636,-0.378870948
1003951,IDRF-0103,2014,1,7/11/2014,HAND,43.31667,-114.1534,Xeric,ID,Y,-1.059121453,-0.711484756,0.681845455,-0.219551758
1003952,IDRF-0104,2014,1,7/13/2014,HAND,44.34614,-113.3619,Western Mountains,ID,Y,-0.66664434,-1.78888988,0.8182,-0.056415559
1003953,IDRF-0105,2014,1,7/12/2014,HAND,43.60439,-114.921,Western Mountains,ID,Y,-1.022276395,0.375697192,0.39395,0.013985646
1003954,MTR9-0902,2014,1,7/15/2014,PROB,48.07747,-114.0187,Western Mountains,MT,Y,-0.486903525,-1.55965208,2.590986364,-0.459045191
1003955,NYSS-1258,2014,1,7/15/2014,PROB,43.03249,-74.65623,Northern Appalachians,NY,Y,-0.317116815,-0.131769262,0.669586147,0.094058014
1003956,IDRO-1040,2014,1,7/12/2014,PROB,43.57673,-114.3437,Xeric,ID,Y,-0.524857311,0.415570751,0.393945455,-0.226147093
1003957,INR9-0901,2014,1,7/15/2014,PROB,38.64279,-87.61438,Temperate Plains,IN,Y,-0.452001662,-2.671639195,0.318195455,0.254668899
1003958,TXSS-1232,2014,1,7/15/2014,PROB,32.6441,-96.73725,Southern Plains,TX,Y,-0.65489372,-1.038849888,0.181827273,0.146409954
1003959,NDLS-1079,2014,1,7/15/2014,PROB,46.60633,-100.2571,Northern Plains,ND,Y,-0.119186408,-2.073884383,1.363636364,-0.513440727
1003960,UTR9-0906,2014,2,7/14/2014,PROB,38.3528,-109.7535,Xeric,UT,N,-0.075955785,-1.777371495,0,0.017791933
1003961,ILRO-1024,2014,1,7/15/2014,PROB,42.46858,-89.76524,Temperate Plains,IL,Y,-0.659375643,-2.086311901,0.856095455,-0.068958408
1003962,CALS-1106,2014,1,7/15/2014,PROB,41.93373,-124.1084,Western Mountains,CA,Y,-0.727525465,-0.220226912,0,0.171393992
1003963,MERO-1026,2014,1,7/14/2014,PROB,47.20866,-68.82282,Northern Appalachians,ME,Y,-1.626419331,0.822551538,0.757613636,-0.476430881
1003964,MTSS-1294,2014,1,7/15/2014,PROB,48.15279,-109.8484,Northern Plains,MT,Y,-0.280970201,-3.04432686,0.761942857,-0.473484502
1003965,NELS-1079,2014,1,7/15/2014,PROB,42.12492,-98.08295,Southern Plains,NE,Y,-0.236231784,-0.620198685,1.83335,-1.160579093
1003966,WAR9-0905,2014,1,7/15/2014,PROB,47.72892,-121.4276,Western Mountains,WA,Y,-0.65489372,0.490860899,0.333345455,0.272948627
1003967,WVS9-0923,2014,1,7/15/2014,PROB,38.20966,-80.04873,Southern Appalachians,WV,Y,-0.359247609,0.646439383,0.856068182,0.122513748
1003968,NYSS-1239,2014,1,7/16/2014,PROB,43.30763,-73.63245,Northern Appalachians,NY,Y,-1.160579093,-2.182901309,6.128840909,-0.888340409
1003969,SDR9-0905,2014,1,7/15/2014,PROB,44.04386,-101.4511,Northern Plains,SD,Y,-0.958607315,-1.309947795,1.3334,0.090466475
1003970,SCRM-1002,2014,1,7/15/2014,PROB,34.32988,-80.69511,Southern Appalachians,SC,Y,-0.480888271,0.663984374,0.916681818,0.114246949
1003971,SCSS-1057,2014,1,7/16/2014,PROB,34.66773,-82.10745,Southern Appalachians,SC,Y,-0.869666232,-1.922148464,0,0.153745593
1003972,INR9-0902,2014,1,7/16/2014,PROB,38.83491,-86.52326,Southern Appalachians,IN,Y,-0.44096436,-2.493959037,1.060640909,0.110819192
1003973,NELS-1082,2014,1,7/16/2014,PROB,41.46241,-97.68192,Southern Plains,NE,Y,-0.373006768,-1.591529813,0.401531818,-0.178963129
1003974,GARM-1001,2014,1,7/15/2014,PROB,32.61633,-83.54926,Coastal Plains,GA,Y,-0.302612127,-1.740956952,0,0.140736529
1003975,MTR9-0911,2014,1,7/16/2014,PROB,47.90948,-113.8707,Western Mountains,MT,Y,-0.253578118,0.202428035,0.697004545,-0.511834012
1003976,ORS9-0931,2014,1,7/15/2014,PROB,43.09695,-122.4115,Western Mountains,OR,Y,-0.795880017,-0.952495693,1.151522727,-0.552137517
1003977,ORS9-0936,2014,1,7/16/2014,PROB,43.10118,-122.8297,Western Mountains,OR,Y,-0.111463125,-0.408315633,0.6667,0.154091838
1003978,SDLS-1118,2014,1,7/16/2014,PROB,44.56442,-103.5312,Northern Plains,SD,Y,-1.256062854,-0.61580571,1.196981818,-0.452001662
1003979,TXSS-1224,2014,1,7/16/2014,PROB,33.01654,-96.81408,Southern Plains,TX,Y,-0.577499695,1.351798762,1.204568182,-0.038255409
1003980,WYRM-1004,2014,1,7/16/2014,PROB,42.24723,-104.6466,Southern Plains,WY,Y,-0.892173573,-1.831839943,0.878827273,-0.417110589
1003981,ILRO-1019,2014,1,7/15/2014,PROB,42.31862,-90.23431,Upper Midwest,IL,Y,-0.577499695,-2.351309325,0.575786364,0.043987098
1003982,LARF-0001,2014,1,7/15/2014,HAND,30.66863,-90.31549,Coastal Plains,LA,Y,-0.760359317,-0.904524836,0.272727273,0.101543998
1003983,MES9-0910,2014,1,7/15/2014,PROB,46.97556,-69.37838,Northern Appalachians,ME,Y,0.054995862,-0.630691378,0,0.122885799
1003984,PAR9-0901,2014,2,7/16/2014,PROB,41.41992,-78.74775,Northern Appalachians,PA,N,-0.771879741,1.122882633,1.782247186,0.023439534
1003985,MSS9-0914,2014,1,7/16/2014,PROB,31.00027,-91.0395,Coastal Plains,MS,Y,-0.608423395,-1.645439125,0.643940909,0.163337595
1003986,UTS9-0932,2014,1,7/16/2014,PROB,41.79318,-113.837,Xeric,UT,Y,-0.039875308,-3.299959878,1.83335,-0.226978598
1003987,NYRF-0002,2014,1,7/17/2014,HAND,42.50124,-74.43872,Northern Appalachians,NY,Y,-0.226147093,-1.13429435,0.68257381,-0.374173287
1003988,DES9-0905,2014,1,7/16/2014,PROB,38.5426,-75.5231,Coastal Plains,DE,Y,-0.017728767,-2.145775587,0,0.060612003
1003989,MTLS-1145,2014,1,7/17/2014,PROB,46.87538,-113.9796,Western Mountains,MT,Y,0.009952814,0.474368711,1.810663636,0.072884612
1003990,GAR9-0911,2014,1,7/16/2014,PROB,33.17346,-83.8238,Southern Appalachians,GA,Y,-0.213055085,-1.242936633,0.272740909,0.179303657
1003991,INRO-1026,2014,1,7/17/2014,PROB,39.26175,-86.79816,Southern Appalachians,IN,Y,-0.697000411,-1.53593903,1.159131818,0.10504545
1003992,ILSS-1120,2014,1,7/17/2014,PROB,42.26657,-90.30543,Upper Midwest,IL,Y,-0.489942687,-1.465908837,0.984166667,-0.014910493
1003993,NVLS-1074,2014,1,7/16/2014,PROB,41.58071,-115.3591,Xeric,NV,Y,-0.766081332,-0.510742102,0.181827273,-0.024463756
1003994,NDLS-1064,2014,1,7/17/2014,PROB,46.78429,-102.6111,Northern Plains,ND,Y,-0.204435948,-1.084431459,1.560609091,-0.915911421
1003998,MDLS-1039,2014,1,7/17/2014,PROB,39.40693,-79.4119,Southern Appalachians,MD,Y,-0.322475999,-0.544290858,1.7273,0.046211288
1003999,MER9-0902,2014,1,7/16/2014,PROB,47.15428,-68.94424,Northern Appalachians,ME,Y,-0.350311193,0.829217964,0.578672511,-0.010085231
1004000,MSLS-1037,2014,1,7/17/2014,PROB,31.58623,-90.81035,Coastal Plains,MS,Y,-0.727525465,-1.191944297,0,-0.02082425
1004001,WIR9-0914,2014,1,7/16/2014,PROB,43.56469,-89.65428,Upper Midwest,WI,Y,-0.795880017,-0.789402556,0.750027273,-0.230320626
1004002,WIRM-1004,2014,1,7/17/2014,PROB,43.56689,-89.69697,Upper Midwest,WI,Y,-0.976934698,-1.466710233,0.7576,-0.291463221
1004003,WYR9-0908,2014,1,7/17/2014,PROB,44.69584,-106.3383,Northern Plains,WY,Y,-0.493003268,0.508874367,0.5682,-0.319376097
1004004,WYS9-0937,2014,1,7/17/2014,PROB,44.03177,-106.6561,Northern Plains,WY,Y,-0.54101897,-2.089666619,0.924254545,-0.489942687
1004005,WVR9-0904,2014,2,7/17/2014,PROB,38.58809,-80.89452,Southern Appalachians,WV,N,-0.480888271,0.397439423,1.174281818,-0.125729081
1004006,WVRO-1007,2014,1,7/16/2014,PROB,37.78563,-80.9076,Southern Appalachians,WV,Y,-0.267971962,1.194160206,1.43185,0.133538908
1004007,MTLS-1142,2014,1,7/17/2014,PROB,45.93953,-110.5225,Northern Plains,MT,Y,-0.521564691,-0.622407221,3.083404545,0.067425941
1004008,SCS9-0923,2014,1,7/17/2014,PROB,34.82653,-80.81527,Southern Appalachians,SC,Y,-0.677780705,,0.257581818,0.15026788
1004009,WAR9-0907,2014,1,7/16/2014,PROB,47.84358,-121.6946,Western Mountains,WA,Y,-0.976934698,0.34569834,0.878818182,0.133538908
1004010,NYR9-0905,2014,1,7/18/2014,PROB,43.24866,-73.74077,Northern Appalachians,NY,Y,-0.236231784,2.196238268,1.86549329,0.089664305
1004011,ILSS-1124,2014,1,7/18/2014,PROB,42.3148,-89.98587,Upper Midwest,IL,Y,-0.521564691,-0.60502015,0.250004545,-0.053056729
1004012,WYLS-1102,2014,1,7/18/2014,PROB,44.34619,-106.7024,Northern Plains,WY,Y,-0.396954096,-0.1359046,2.409172727,-0.08727083
1004013,WYLS-1097,2014,1,7/18/2014,PROB,44.08912,-106.6737,Northern Plains,WY,Y,-1.190134333,2.027900775,0.984854545,-0.701941243
1004014,MOLS-1084,2014,1,7/16/2014,PROB,40.48774,-93.49837,Temperate Plains,MO,Y,-0.743632175,-2.0600849,0.158733333,-0.35141824
1004015,MORO-1046,2014,1,7/15/2014,PROB,40.4814,-92.68618,Temperate Plains,MO,Y,-0.692115158,-2.908829571,0.636395455,0.036338494
1004016,NHS9-0911,2014,2,7/15/2014,PROB,43.81879,-71.19524,Northern Appalachians,NH,N,-0.872600665,-2.432357981,0.515177273,-0.427550863
1004017,SDLS-1119,2014,1,7/14/2014,PROB,45.58738,-100.964,Northern Plains,SD,Y,-0.363785732,-2.316653712,0.212131818,-0.312227896
1004018,SDR9-0903,2014,1,7/15/2014,PROB,45.7285,-101.9844,Northern Plains,SD,Y,-1.106894235,-0.981268119,0.6667,-2
1004019,CTLS-1044,2014,1,7/20/2014,PROB,41.86842,-72.08973,Northern Appalachians,CT,Y,-0.253578118,-1.00899489,1.053063636,0.086036093
1004020,WYS9-0938,2014,1,7/20/2014,PROB,43.65474,-109.9079,Western Mountains,WY,Y,-0.20034622,-2.339399711,0.651545455,-0.355874868
1004021,NHRM-1001,2014,1,7/17/2014,PROB,44.87331,-71.52952,Northern Appalachians,NH,Y,-0.732828272,-0.521219708,1.151568182,-0.093958964
1004022,MTRF-0109,2014,1,7/16/2014,HAND,46.86235,-111.2541,Western Mountains,MT,Y,-0.677780705,0.178958421,0,-0.160721977
1004023,TNLS-1034,2014,1,7/20/2014,PROB,35.88958,-89.29055,Coastal Plains,TN,Y,-1.059121453,1.525162797,1.447009091,-0.486903525
1004024,TNS9-0920,2014,1,7/20/2014,PROB,36.18743,-89.09897,Coastal Plains,TN,Y,-1.293204657,0.695963467,2.333368182,-0.027082204
1004025,TNSS-1065,2014,1,7/20/2014,PROB,36.25843,-88.67338,Coastal Plains,TN,Y,-1.132907664,-2.481426529,2.583454545,-0.606424797
1004026,AZRO-1028,2014,1,7/21/2014,PROB,33.97792,-111.3063,Xeric,AZ,Y,-1.626419331,-1.411381266,0,-1.070581074
1004027,IDSS-1115,2014,1,7/16/2014,PROB,42.43042,-111.7891,Xeric,ID,Y,-0.548632296,-2.25137087,1.143954545,-0.479397385
1004028,IDSS-1143,2014,1,7/15/2014,PROB,42.74955,-111.4603,Western Mountains,ID,Y,-0.663904301,-3.060102034,0.893963636,-0.497634963
1004029,IDLS-1064,2014,1,7/17/2014,PROB,42.28978,-114.0244,Xeric,ID,Y,-0.738196627,-2.123843904,0.340922727,0.03950425
1004030,IDSS-1129,2014,1,7/7/2014,PROB,43.7188,-115.3065,Western Mountains,ID,Y,-0.243581256,-0.829771027,0,-0.430960677
1004031,IDS9-0927,2014,1,7/9/2014,PROB,44.20986,-115.5467,Western Mountains,ID,Y,-0.068958408,-1.125561799,0,0.025305865
1004032,IDS9-0923,2014,1,7/8/2014,PROB,43.60293,-115.5733,Western Mountains,ID,Y,-0.097513619,-0.597281945,0,-0.119186408
1004033,CTRO-1020,2014,1,7/21/2014,PROB,41.89034,-72.73278,Northern Appalachians,CT,Y,-0.394499061,-0.482590954,2.053095455,0.237874908
1004034,WYRO-1042,2014,1,7/21/2014,PROB,42.09641,-109.4537,Xeric,WY,Y,-0.958607315,-0.910163113,1.901531818,-0.616511048
1004035,WIRM-1003,2014,1,7/21/2014,PROB,44.3134,-89.89086,Upper Midwest,WI,Y,-0.178963129,-0.619148655,1.689431818,-0.108285191
1004036,TNS9-0926,2014,1,7/21/2014,PROB,35.12102,-89.21058,Coastal Plains,TN,Y,-1.378634852,-1.780528025,0.25,0.167048671
1004037,TNSS-1064,2014,1,7/21/2014,PROB,35.07118,-89.85614,Coastal Plains,TN,Y,-0.892173573,-1.829622055,2.810622727,-0.053056729
1004038,SCSS-1072,2014,1,7/20/2014,PROB,34.99476,-81.85857,Southern Appalachians,SC,Y,-0.730699373,-1.569103461,0.060609091,-0.003567934
1004039,SCSS-1059,2014,1,7/21/2014,PROB,34.80527,-83.16501,Southern Appalachians,SC,Y,-0.435549146,-2.858416139,0,-0.044224814
1004040,DER9-0902,2014,1,7/21/2014,PROB,39.8343,-75.57709,Southern Appalachians,DE,Y,-0.350311193,0.703820601,0.753272944,0.002362442
1004041,MTR9-0914,2014,1,7/21/2014,PROB,48.45766,-109.9264,Northern Plains,MT,Y,-1.160579093,-1.128744824,1.575759091,-1.119706209
1004043,INRM-1004,2014,1,7/22/2014,PROB,41.70914,-86.2679,Upper Midwest,IN,Y,-0.438248312,-0.020585089,1.969763636,0.235298844
1004044,NJRM-1003,2014,1,7/22/2014,PROB,40.67157,-75.17844,Northern Appalachians,NJ,Y,-0.103874793,0.511022209,2.356109091,0.162998647
1004045,WYS9-0926,2014,1,7/21/2014,PROB,44.15839,-106.912,Western Mountains,WY,Y,0.132812542,-0.249980068,0.030304545,-0.129037756
1004046,ILR9-0909,2014,1,7/22/2014,PROB,42.21645,-88.18891,Temperate Plains,IL,Y,-0.92412139,-1.854962692,3.083390909,-0.051942868
1004047,TXLS-1131,2014,1,7/22/2014,PROB,32.33304,-95.74925,Coastal Plains,TX,Y,-0.604435354,-1.151299561,0.33335,-0.002077731
1004048,WIRM-1005,2014,1,7/22/2014,PROB,44.94458,-89.62435,Upper Midwest,WI,Y,-0.253578118,0.110997312,2.863709091,-0.001087096
1004049,CAR9-0908,2014,1,7/22/2014,PROB,41.4564,-123.9356,Western Mountains,CA,Y,-0.777756616,0.604905329,0.045454545,-0.066650781
1004050,MIR9-0906,2014,1,7/22/2014,PROB,43.31097,-83.96788,Temperate Plains,MI,Y,-1.428608832,-1.201873453,0.484854545,-0.570100974
1004051,TNS9-0923,2014,1,7/22/2014,PROB,35.50012,-88.63773,Coastal Plains,TN,Y,-0.697000411,-1.558481562,0.030304545,0.086844986
1004052,TNSS-1072,2014,1,7/22/2014,PROB,35.48165,-88.06955,Southern Appalachians,TN,Y,-0.692115158,-2.177049572,0.090909091,-0.139798157
1004053,CASS-1297,2014,1,7/22/2014,PROB,41.3286,-123.4199,Western Mountains,CA,Y,-0.392057827,-0.788419771,0,-0.035033625
1004054,MTLS-1136,2014,1,7/22/2014,PROB,48.44817,-109.7563,Northern Plains,MT,Y,-0.496085569,-1.099947246,1.007609091,-0.212249792
1004055,MTRM-1006,2014,1,7/22/2014,PROB,46.88544,-104.9552,Northern Plains,MT,Y,-0.941022138,-0.014319456,0.469718182,-0.392057827
1004056,MTR9-0910,2014,1,7/22/2014,PROB,46.86783,-104.9952,Northern Plains,MT,Y,-2,0.304160863,0.560631818,-1.3130389
1004057,OKS9-0941,2014,2,7/22/2014,PROB,35.75565,-96.21008,Southern Plains,OK,N,-1.094449417,-2.030530657,0.507586364,0.052379096
1004058,RILS-1023,2014,1,7/22/2014,PROB,41.52182,-71.59218,Northern Appalachians,RI,Y,-0.596567486,-1.23332438,0.575786364,0.072467141
1004059,RIS9-0912,2014,1,7/22/2014,PROB,41.50654,-71.71228,Northern Appalachians,RI,Y,-0.616511048,-1.727749829,1.303068182,0.173384954
1004060,NER9-0914,2014,1,7/21/2014,PROB,41.93933,-96.14472,Temperate Plains,NE,Y,-1.485090181,-2.179403556,1.159090909,-0.586928953
1004061,NERO-1037,2014,1,7/22/2014,PROB,41.4629,-95.95535,Temperate Plains,NE,Y,-0.706938935,-2.223251299,1.022731818,-0.126388803
1004062,WYR9-0914,2014,1,7/22/2014,PROB,44.50771,-108.4334,Xeric,WY,Y,-0.738196627,-1.137968556,0.765181818,-0.250052981
1004063,IDLS-1068,2014,1,7/22/2014,PROB,43.92202,-114.1142,Western Mountains,ID,Y,-0.232844134,-0.275834515,0.515177273,-0.26071541
1004064,INR9-0903,2014,1,7/23/2014,PROB,41.69465,-85.9174,Upper Midwest,IN,Y,-0.892173573,-1.908572081,5.371318182,-0.452001662
1004065,MNS9-0939,2014,1,7/23/2014,PROB,47.79805,-95.38198,Upper Midwest,MN,Y,-0.394988959,-1.289841923,0.8561,-0.162153403
1004066,MIRO-1021,2014,1,7/23/2014,PROB,42.96817,-84.05173,Upper Midwest,MI,Y,-0.958607315,0.635797481,0.909118182,-0.100751707
1004067,WYR9-0911,2014,1,7/22/2014,PROB,41.96621,-110.0007,Xeric,WY,Y,-1.106894235,0.587625863,0.030304545,-0.42360629
1004068,WYRM-1003,2014,1,7/23/2014,PROB,41.66794,-109.6477,Xeric,WY,Y,-2,-0.013364,0.584802165,-0.624752178
1004069,WVR9-0901,2014,1,7/22/2014,PROB,37.54136,-82.03361,Southern Appalachians,WV,Y,-0.892173573,0.46767153,1.643954545,-0.021342316
1004070,GAR9-0901,2014,2,7/22/2014,PROB,30.70227,-83.03386,Coastal Plains,GA,N,-0.541705603,-1.177776686,0.431818182,0.005297536
1004071,ILS9-0928,2014,1,7/23/2014,PROB,41.72844,-87.99265,Temperate Plains,IL,Y,-0.477911599,4.78E-05,4.085794719,0.087652375
1004072,WIRM-1001,2014,1,7/23/2014,PROB,45.58439,-89.46554,Upper Midwest,WI,Y,-0.44096436,-2.863120451,0.621231818,0.101543998
1004073,CAR9-0901,2014,1,7/23/2014,PROB,41.31853,-123.528,Western Mountains,CA,Y,-0.848268086,0.564842845,0.515177273,-0.285708352
1004074,CARM-1004,2014,1,7/23/2014,PROB,41.27035,-123.604,Western Mountains,CA,Y,-0.616511048,1.326180213,0,-0.149437302
1004075,MTS9-0940,2014,1,7/23/2014,PROB,48.54947,-109.3917,Northern Plains,MT,Y,-0.555208702,-2.470134705,1.561595652,-0.493671474
1004076,SCS9-0921,2014,2,7/22/2014,PROB,34.7692,-83.01151,Southern Appalachians,SC,N,-0.332971785,,1.166690909,0.081150839
1004077,SDRO-1077,2014,1,7/23/2014,PROB,44.63983,-103.2941,Northern Plains,SD,Y,-0.401906196,0.401185861,0.795477273,-0.300241086
1004078,UTRO-1036,2014,1,7/23/2014,PROB,40.3391,-110.3033,Xeric,UT,Y,-0.112101512,-0.29151076,1.354166667,-0.170964393
1004079,TXLS-1115,2014,1,7/23/2014,PROB,32.55527,-95.0233,Coastal Plains,TX,Y,-0.877039828,-1.196406546,0.068181818,-0.054173455
1004080,WYS9-0933,2014,1,7/23/2014,PROB,43.94113,-108.049,Xeric,WY,Y,-0.687284247,-2.459534495,1.606090909,-1.100627249
1004081,WYSS-1212,2014,1,7/23/2014,PROB,44.83164,-107.9501,Western Mountains,WY,Y,-0.789754465,-0.879022249,0.060609091,-0.226147093
1004082,MOS9-0934,2014,1,7/18/2014,PROB,39.09749,-94.35166,Temperate Plains,MO,Y,-0.290498765,-2.805954395,2.77041244,0.110053781
1004083,MOSS-1165,2014,1,7/17/2014,PROB,40.33135,-93.67325,Temperate Plains,MO,Y,-0.55923399,-2.420631193,1.575827273,-0.18836117
1004084,CTLS-1045,2014,1,7/24/2014,PROB,41.39509,-73.42908,Northern Appalachians,CT,Y,-0.624752178,-0.350148215,6.962181818,0.077450494
1004085,DER9-0901,2014,1,7/23/2014,PROB,39.70013,-75.63339,Coastal Plains,DE,Y,-0.194128583,-1.048034298,0.181827273,0.120274727
1004086,MTRF-0008,2014,1,7/22/2014,HAND,46.2714,-107.3143,Northern Plains,MT,Y,-1.333822512,-0.432645668,0.636372727,-0.303206915
1004087,TNR9-0903,2014,1,7/23/2014,PROB,35.10401,-85.3609,Southern Appalachians,TN,Y,-0.422299355,-3.401829963,3.651568182,-0.004065808
1004088,TNRM-1003,2014,1,7/24/2014,PROB,35.06895,-85.3396,Southern Appalachians,TN,Y,-0.457627316,-2.636766493,3.044091991,-0.032366943
1004089,WVRF-0006,2014,1,7/23/2014,HAND,38.6297,-80.86689,Southern Appalachians,WV,Y,-0.312227896,-0.908765977,1.3561,-0.164309429
1004090,GARM-1004,2014,1,7/23/2014,PROB,31.77943,-83.01545,Coastal Plains,GA,Y,-0.184965913,-1.286626631,0.295459091,0.139664461
1004091,NERM-1001,2014,1,7/24/2014,PROB,40.01724,-95.33155,Temperate Plains,NE,Y,-0.668480681,-1.949873549,1.45995974,0.126957455
1004092,NERM-1005,2014,1,7/23/2014,PROB,41.64471,-96.09547,Temperate Plains,NE,Y,-0.624752178,-1.881164931,1.2197,0.105432763
1004093,WYRF-0101,2014,1,7/24/2014,HAND,43.69096,-106.4771,Northern Plains,WY,Y,-1.428608832,-0.537845714,0.947004545,-0.55923399
1004094,MIR9-0904,2014,1,7/21/2014,PROB,43.34147,-83.62441,Temperate Plains,MI,Y,-0.687284247,0.682344595,1.042602381,-0.059800568
1004095,WAS9-0916,2014,2,7/22/2014,PROB,47.05149,-122.7213,Western Mountains,WA,N,-0.073610777,-2.081842783,2.515204545,-0.368371778
1004096,WIR9-0907,2014,1,7/24/2014,PROB,44.97808,-89.63045,Upper Midwest,WI,Y,-0.273495069,-2.042043964,2.575827273,-0.016701823
1004097,IAR9-0914,2014,1,7/23/2014,PROB,41.4676,-95.90931,Temperate Plains,IA,Y,-2,-3.256254083,1.333390909,-1.837272689
1004098,NHR9-0901,2014,2,7/24/2014,PROB,44.24308,-72.04818,Northern Appalachians,NH,N,-1.132907664,-2.561702785,0.634952381,-0.309200034
1004099,TXS9-0938,2014,1,7/24/2014,PROB,31.5161,-95.11218,Coastal Plains,TX,Y,-0.548632296,-0.223698225,0.030304545,-0.422299355
1004100,MTRM-1010,2014,1,7/23/2014,PROB,47.72753,-104.0921,Northern Plains,MT,Y,-1.333822512,-1.091109129,0.250009091,-0.922545572
1004101,MTR9-0903,2014,1,7/24/2014,PROB,48.07661,-104.3912,Northern Plains,MT,Y,-0.44096436,-0.741126861,0.636395455,-0.786723786
1004102,WYS9-0936,2014,1,7/25/2014,PROB,42.76846,-105.9736,Northern Plains,WY,Y,-0.717110229,0.374908998,0.33335,-0.066075785
1004103,INRO-1025,2014,1,7/25/2014,PROB,41.66737,-85.942,Upper Midwest,IN,Y,-0.41453927,0.166417045,3.341371429,0.114896798
1004104,CTRO-1022,2014,1,7/25/2014,PROB,41.33153,-73.1145,Northern Appalachians,CT,Y,-0.727525465,-2.31496995,4.492481818,-0.04258864
1004105,TNRO-1014,2014,1,7/25/2014,PROB,35.21876,-84.6515,Southern Appalachians,TN,Y,-0.332122725,-2.005897912,0.828324242,0.141093298
1004106,WYLS-1104,2014,1,7/24/2014,PROB,41.77811,-106.207,Xeric,WY,Y,-0.760359317,-0.613423236,1.136368182,-0.83456681
1004107,WYLS-1108,2014,1,7/25/2014,PROB,41.18708,-105.7905,Xeric,WY,Y,-0.385294483,-0.440290284,0.621236364,-0.08727083
1004108,IAR9-0901,2014,1,7/24/2014,PROB,42.79185,-96.60157,Temperate Plains,IA,Y,-0.795880017,-2.917926474,0.227281818,-0.258920061
1004109,TNS9-0924,2014,1,7/25/2014,PROB,35.54916,-86.95243,Southern Appalachians,TN,Y,-0.795880017,1.189793535,0.416672727,0.028706779
1004110,TNSS-1074,2014,1,7/24/2014,PROB,35.34623,-86.863,Southern Appalachians,TN,Y,-0.641718964,0.323647187,0.992440909,0.003343012
1004111,CASS-1183,2014,1,7/24/2014,PROB,40.63704,-122.7465,Western Mountains,CA,Y,-0.191052831,-1.272740543,0.401531818,0.147465519
1004112,CASS-1313,2014,1,7/23/2014,PROB,40.87032,-122.8004,Western Mountains,CA,Y,-0.641718964,-0.666927218,0,-0.037178824
1004113,COS9-0927,2014,1,7/27/2014,PROB,37.72262,-108.2353,Western Mountains,CO,Y,-0.46046771,-0.507221922,0.697004545,-0.123100173
1004114,IDLS-1081,2014,1,7/25/2014,PROB,47.24398,-115.761,Western Mountains,ID,Y,-0.255351475,0.863350079,0.75,-0.090906128
1004115,IDS9-0929,2014,1,7/27/2014,PROB,45.84354,-115.8445,Western Mountains,ID,Y,-0.420216403,-2.254005612,0.613663636,0.097225749
1004116,RIR9-0902,2014,1,7/27/2014,PROB,41.39354,-71.8408,Northern Appalachians,RI,Y,-0.83456681,0.33869409,1.886440909,0.240719393
1004117,WYR9-0915,2014,1,7/27/2014,PROB,43.5307,-104.101,Northern Plains,WY,Y,-0.877039828,-1.266209854,1.068181818,-0.148741651
1004118,WYLS-1085,2014,1,7/28/2014,PROB,44.54551,-104.0954,Western Mountains,WY,Y,-0.318347694,1.185550657,1.197022727,-1.026452336
1004119,CTR9-0906,2014,1,7/28/2014,PROB,41.84448,-72.632,Northern Appalachians,CT,Y,-0.701941243,-0.455509264,2.583427273,-0.03933467
1004121,ORRO-1062,2014,1,7/28/2014,PROB,44.06054,-122.8951,Western Mountains,OR,Y,-0.717110229,0.280814413,0.196977273,0.172058661
1004122,MTR9-0915,2014,1,7/28/2014,PROB,46.11059,-106.4504,Northern Plains,MT,Y,-0.241363326,-2.405381802,1.469731818,-0.552137517
1004123,IARO-1016,2014,1,7/27/2014,PROB,41.93221,-95.50535,Temperate Plains,IA,Y,-1.059121453,-1.414706376,0.833372727,-0.428873723
1004124,COR9-0902,2014,2,7/28/2014,PROB,38.86531,-108.3981,Xeric,CO,N,-0.570100974,-0.542314746,0.795468182,-0.211445989
1004125,CASS-1357,2014,1,7/28/2014,PROB,38.34677,-121.9,Xeric,CA,Y,-0.137760169,-2.687114778,2.75005,0.034063028
1004126,MOR9-0907,2014,1,7/28/2014,PROB,36.78477,-93.71443,Southern Appalachians,MO,Y,-0.592686366,0.064145072,1.141452165,0.042199508
1004127,MTRF-0007,2014,1,7/24/2014,HAND,48.13208,-105.716,Northern Plains,MT,Y,-0.821284597,-1.923532569,1.030345455,-0.417110589
1004128,MTRF-0106,2014,1,7/26/2014,HAND,46.93898,-112.929,Western Mountains,MT,Y,-0.92412139,-0.604201745,0.484872727,0.002853004
1004129,MTRF-0107,2014,1,7/25/2014,HAND,47.29048,-112.4269,Northern Plains,MT,Y,-1.082351291,-0.06430688,0.136368182,-0.189523085
1004130,MTRF-0117,2014,1,7/27/2014,HAND,45.56782,-112.3386,Western Mountains,MT,Y,-1.333822512,0.067721454,0.454568182,-0.234534655
1004131,IDRO-1056,2014,1,7/24/2014,PROB,42.01859,-114.5095,Xeric,ID,Y,,,,
1004132,LAR9-0901,2014,1,7/24/2014,PROB,32.9748,-92.07644,Coastal Plains,LA,Y,-0.226147093,-1.969500956,0.136368182,-0.050277413
1004133,LAR9-0906,2014,1,7/23/2014,PROB,32.54806,-93.781,Coastal Plains,LA,Y,-0.099881252,-2.751726045,0.181827273,-0.02603293
1004134,MNS9-0936,2014,1,7/29/2014,PROB,48.37846,-93.22726,Upper Midwest,MN,Y,,,,
1004135,NDLS-1077,2014,1,7/29/2014,PROB,46.91672,-101.6175,Northern Plains,ND,Y,-0.345911009,-1.765427219,1.363668182,-0.751915218
1004136,CTR9-0901,2014,1,7/29/2014,PROB,41.89123,-72.6621,Northern Appalachians,CT,Y,-0.789754465,-0.997713157,0.946981818,0.021095286
1004137,CTRF-0001,2014,1,7/29/2014,HAND,41.93703,-72.82133,Northern Appalachians,CT,Y,-0.581246868,-0.61840113,1.196981818,-0.035033625
1004138,WYR9-0905,2014,1,7/29/2014,PROB,44.62542,-105.3017,Northern Plains,WY,Y,-0.573784579,-3.178596748,0,-0.470557979
1004139,MTSS-1305,2014,1,7/29/2014,PROB,46.94766,-112.3603,Western Mountains,MT,Y,-0.017728767,-0.641708903,0.765186364,0.047982476
1004140,PASS-1168,2014,1,7/29/2014,PROB,41.53222,-80.30868,Northern Appalachians,PA,Y,-0.387216143,-0.967884782,0,0.211399686
1004141,ILRM-1001,2014,1,7/29/2014,PROB,42.47833,-89.05604,Temperate Plains,IL,Y,-0.092735253,0.141006601,1.081544805,0.190586342
1004143,CASS-1350,2014,1,7/29/2014,PROB,40.11089,-121.1254,Western Mountains,CA,Y,-0.83456681,-1.370959582,0.33335,-0.207449141
1004144,IARO-1017,2014,1,7/28/2014,PROB,43.02158,-95.04576,Temperate Plains,IA,Y,-0.633152719,-2.182480487,0.575786364,-0.226978598
1004145,MTLS-1144,2014,1,7/29/2014,PROB,48.04251,-104.7702,Northern Plains,MT,Y,-1.719173392,-0.199822821,1.560609091,-0.727525465
1004146,OKRO-1102,2014,1,7/29/2014,PROB,34.09644,-95.89402,Coastal Plains,OK,Y,-0.83456681,-1.40397016,0,0.098407718
1004147,ORR9-0905,2014,1,7/29/2014,PROB,44.49071,-122.8137,Western Mountains,OR,Y,-0.692115158,1.141936581,1.754021861,0.002853004
1004148,SDS9-0945,2014,1,7/29/2014,PROB,44.05555,-96.98759,Temperate Plains,SD,Y,-0.668480681,-2.049404306,1.71292381,-1.67032483
1004150,TXSS-1206,2014,1,7/29/2014,PROB,30.2417,-96.18983,Southern Plains,TX,Y,-0.34155496,-2.692076854,0.621236364,-0.183457421
1004151,NERM-1008,2014,1,7/29/2014,PROB,42.80418,-97.17051,Temperate Plains,NE,Y,-0.127049528,-1.551147803,0.431818182,-0.043133347
1004152,UTS9-0928,2014,2,7/29/2014,PROB,40.86446,-110.5394,Western Mountains,UT,N,-0.077133055,-0.387151106,0,-0.034498977
1004153,CORM-1001,2014,1,7/29/2014,PROB,39.18629,-108.9048,Xeric,CO,Y,-0.727525465,0.732558917,0.098486364,-0.409441858
1004154,PAS9-0925,2014,1,7/30/2014,PROB,40.65367,-79.94249,Southern Appalachians,PA,Y,-0.749136614,-1.580055066,0.500009091,0.144644957
1004155,IAR9-0904,2014,1,7/29/2014,PROB,43.45106,-94.86716,Temperate Plains,IA,Y,-0.687284247,-1.27423978,0.583359091,-0.170842479
1004156,MAS9-0914,2014,1,7/30/2014,PROB,42.63171,-72.129,Northern Appalachians,MA,Y,-0.56644835,-1.343410847,2.227327273,0.128428644
1004157,DELS-1027,2014,1,7/30/2014,PROB,39.63649,-75.73171,Coastal Plains,DE,Y,-0.319994309,-1.522651553,0.696990909,0.054125357
1004158,ILR9-0907,2014,1,7/30/2014,PROB,41.90002,-89.48215,Temperate Plains,IL,Y,-0.862415739,-0.80977707,2.507622727,0.05281632
1004159,MNS9-0937,2014,1,7/30/2014,PROB,48.47239,-93.8026,Upper Midwest,MN,Y,-0.387216143,-1.32719527,0.166675,0.059279349
1004160,MOR9-0904,2014,2,7/30/2014,PROB,37.02754,-90.64282,Southern Appalachians,MO,N,-0.417110589,0.208211183,0.393959091,0.024373703
1004161,MORM-1004,2014,1,7/29/2014,PROB,37.2756,-92.44534,Southern Appalachians,MO,Y,-0.502316586,-0.166356854,0.80580026,0.04085397
1004162,MTS9-0938,2014,1,7/30/2014,PROB,45.05171,-105.2143,Northern Plains,MT,Y,-0.140479617,-2.916557553,1.522731818,-2
1004163,TXR9-0921,2014,1,7/30/2014,PROB,30.47115,-96.13824,Coastal Plains,TX,Y,-0.480888271,-0.988833156,0.575781818,-0.312227896
1004164,WARO-1039,2014,1,7/30/2014,PROB,48.51599,-121.9798,Western Mountains,WA,Y,-0.821284597,0.607820102,1.037909091,0.004321374
1004165,WYS9-0937,2014,2,7/31/2014,PROB,44.03177,-106.6561,Northern Plains,WY,N,-0.541705603,-2.108892923,0.92425,-0.516672099
1004166,WYRO-1043,2014,1,7/30/2014,PROB,44.57821,-106.4505,Northern Plains,WY,Y,-0.996069706,-1.049284537,1.068209091,-0.880774113
1004167,WAR9-0903,2014,1,7/29/2014,PROB,48.52327,-122.0543,Western Mountains,WA,Y,-0.821284597,0.825192208,0.575781818,0.09246544
1004168,MORO-1047,2014,1,7/31/2014,PROB,37.21494,-89.74896,Coastal Plains,MO,Y,-0.760359317,-3.268667289,1.145481818,-0.155042988
1004169,NER9-0914,2014,2,7/31/2014,PROB,41.93933,-96.14472,Temperate Plains,NE,N,-1.22184875,-2.156316742,1.060613636,0.029936902
1004170,NERM-1004,2014,1,7/30/2014,PROB,42.72253,-96.87167,Temperate Plains,NE,Y,-0.508638306,-1.708433409,1.068209091,0.096831043
1004171,WIRO-1043,2014,1,7/31/2014,PROB,44.0246,-88.79457,Temperate Plains,WI,Y,-0.677780705,-1.334229462,1.477290909,-0.217918456
1004172,RILS-1024,2014,1,7/31/2014,PROB,41.88251,-71.34201,Northern Appalachians,RI,Y,-0.279089322,1.382294757,1.237771212,0.156163528
1004173,RIR9-0901,2014,1,7/31/2014,PROB,41.88014,-71.3813,Northern Appalachians,RI,Y,-0.20034622,-0.987199457,8.340972727,-0.105759482
1004174,IAR9-0907,2014,1,7/30/2014,PROB,43.26844,-96.21303,Temperate Plains,IA,Y,-1.626419331,-1.456479161,1.553090909,-0.007065091
1004175,ILSS-1119,2014,1,7/31/2014,PROB,41.6051,-89.83285,Temperate Plains,IL,Y,-0.37769176,-2.314024673,1.280313636,-2
1004176,LAS9-0949,2014,1,7/29/2014,PROB,32.52848,-92.04399,Coastal Plains,LA,Y,0.154091838,-0.887624548,3.000040909,-0.045867175
1004177,MTS9-0922,2014,1,7/31/2014,PROB,48.00505,-116.0017,Western Mountains,MT,Y,-0.214670165,-0.263049424,0.538913333,0.173186268
1004178,NDR9-0902,2014,1,7/31/2014,PROB,47.12958,-102.2342,Northern Plains,ND,Y,-0.097650919,-1.258406351,1.212131818,-0.463326801
1004179,SDRM-1004,2014,1,7/31/2014,PROB,43.69165,-97.96684,Temperate Plains,SD,Y,-1.22184875,-2.104176356,2.515209091,-0.666186464
1004180,CALS-1120,2014,1,7/30/2014,PROB,41.55364,-121.9247,Western Mountains,CA,Y,-0.440419789,-0.612732625,0,-0.083665708
1004181,CASS-1275,2014,1,7/31/2014,PROB,41.29989,-122.1188,Western Mountains,CA,Y,-0.394499061,-0.707822716,0,0.126588878
1004182,ILRM-1002,2014,1,8/1/2014,PROB,41.71376,-89.90675,Temperate Plains,IL,Y,-0.697000411,0.665264239,3.181868182,-0.037178824
1004184,NERM-1007,2014,1,8/4/2014,PROB,42.90837,-100.4519,Northern Plains,NE,Y,-0.224488846,-0.434804053,0.113636364,0.10504545
1004185,IAR9-0914,2014,2,8/3/2014,PROB,41.4676,-95.90931,Temperate Plains,IA,N,-2,-3.217550613,2.254071429,-0.967674334
1004186,IDSS-1128,2014,1,7/30/2014,PROB,44.80779,-115.9302,Western Mountains,ID,Y,,,,
1004187,IDS9-0920,2014,1,7/31/2014,PROB,45.33148,-115.9499,Western Mountains,ID,Y,-0.640854695,-0.98250098,0,0.066156445
1004188,NDS9-0942,2014,1,8/4/2014,PROB,47.32471,-97.0366,Temperate Plains,ND,Y,0.029936902,0.03811236,1.469759091,-0.095801018
1004189,OKSS-1403,2014,1,8/4/2014,PROB,34.36535,-94.46714,Southern Appalachians,OK,Y,-0.20034622,0.14931296,0.098486364,-0.094572114
1004190,TXSS-1215,2014,1,8/4/2014,PROB,31.6532,-94.83843,Coastal Plains,TX,Y,-0.534887652,-1.331212539,0.393940909,-0.242224509
1004191,WIR9-0901,2014,1,8/4/2014,PROB,44.68674,-92.69129,Upper Midwest,WI,Y,-0.760359317,-0.708274748,1.780313636,-0.081874308
1004192,MIR9-0901,2014,1,8/4/2014,PROB,43.05631,-85.59421,Upper Midwest,MI,Y,-0.659375643,-0.583804018,2.833395455,-0.055853947
1004193,GARM-1006,2014,1,8/5/2014,PROB,34.03242,-84.15734,Southern Appalachians,GA,Y,-0.183457421,-1.269466038,0.090913636,0.21048877
1004194,MTR9-0904,2014,1,8/5/2014,PROB,46.56604,-107.9657,Northern Plains,MT,Y,-0.92412139,-0.469366079,0.484868182,-0.5315184
1004195,WIRM-1002,2014,1,8/5/2014,PROB,44.4222,-92.08192,Upper Midwest,WI,Y,-0.892173573,1.244533396,0.484859091,-0.051942868
1004196,MOSS-1163,2014,1,8/5/2014,PROB,39.97321,-94.31803,Temperate Plains,MO,Y,-0.596567486,-2.25848017,1.047650649,-0.038794704
1004197,MSR9-0908,2014,2,8/5/2014,PROB,31.5687,-89.32066,Coastal Plains,MS,N,-0.877039828,-0.767475198,0.545459091,0.103881433
1004198,LALS-1037,2014,1,8/5/2014,PROB,32.2913,-91.82665,Coastal Plains,LA,Y,0.066156445,-1.311197677,0.068181818,0.397900526
1004199,ILLS-1070,2014,1,8/5/2014,PROB,41.53328,-89.10373,Temperate Plains,IL,Y,-0.449215928,-0.260848043,0.697004545,-0.150134068
1004200,MIRO-1022,2014,1,8/5/2014,PROB,42.9766,-85.51225,Upper Midwest,MI,Y,-0.795880017,-0.842997629,0.393945455,-0.109553575
1004201,IAR9-0901,2014,2,8/4/2014,PROB,42.79185,-96.60157,Temperate Plains,IA,N,-0.855284304,-2.748768423,0.250009091,-0.267971962
1004202,MTSS-1290,2014,1,8/5/2014,PROB,45.01191,-109.0605,Xeric,MT,Y,-0.350753673,-1.54850972,1.583409091,-0.331910718
1004203,SDLS-1120,2014,1,8/5/2014,PROB,44.73549,-96.953,Temperate Plains,SD,Y,-0.92412139,0.008377847,2.954618182,-0.270724735
1004204,ORS9-0931,2014,2,8/5/2014,PROB,43.09695,-122.4115,Western Mountains,OR,N,-0.976934698,-0.389657271,1.530304545,-0.491470281
1004205,NDR9-0904,2014,1,8/5/2014,PROB,48.17576,-97.69986,Temperate Plains,ND,Y,-0.097650919,-0.668994243,0.393959091,-0.366072702
1004206,NERO-1045,2014,1,8/5/2014,PROB,42.9629,-99.50453,Northern Plains,NE,Y,-0.302216053,-1.751524424,1.431818182,-0.369525896
1004207,NES9-0936,2014,1,8/5/2014,PROB,42.93652,-98.81808,Northern Plains,NE,Y,-1.132907664,-1.27090962,0,-0.452001662
1004208,TXR9-0919,2014,1,8/5/2014,PROB,33.29424,-94.05902,Coastal Plains,TX,Y,-0.335101728,-2.01676035,0.090913636,-0.098888579
1004209,CALS-1116,2014,1,8/5/2014,PROB,41.91258,-120.9213,Western Mountains,CA,Y,-0.738196627,-0.542410689,1.5,-0.469102078
1004210,INRM-1002,2014,1,8/5/2014,PROB,39.92804,-87.42776,Temperate Plains,IN,Y,-0.738196627,-3.197939145,1.348531818,0.017317967
1004211,WASS-1146,2014,1,8/5/2014,PROB,48.75285,-117.5499,Western Mountains,WA,Y,-0.354756416,-1.725667026,0.409109091,0.015416916
1004212,MNRO-1053,2014,1,8/6/2014,PROB,46.84535,-96.62036,Temperate Plains,MN,Y,-0.756961951,-2.276384317,0.697,-0.167926761
1004213,IAR9-0908,2014,1,8/1/2014,PROB,40.8747,-91.04809,Temperate Plains,IA,Y,-1.096910013,,1.083377273,-0.144590987
1004214,RIS9-0913,2014,1,8/6/2014,PROB,41.83267,-71.46914,Northern Appalachians,RI,Y,-0.050831855,-0.570879613,2.681831818,0.275049463
1004215,MTRF-0102,2014,1,8/1/2014,HAND,48.11113,-113.3143,Western Mountains,MT,Y,-0.306193137,0.324332473,0,-0.187238521
1004216,MTRF-0105,2014,1,8/4/2014,HAND,47.86281,-113.8443,Western Mountains,MT,Y,-0.92412139,0.841646866,0,-0.121791662
1004217,TNR9-0902,2014,1,8/5/2014,PROB,35.95145,-83.55066,Southern Appalachians,TN,Y,-0.795880017,,4.1668,-0.34920696
1004218,TNS9-0919,2014,1,8/4/2014,PROB,35.39696,-84.27656,Southern Appalachians,TN,Y,-0.528175086,-0.494287844,0.530322727,0.226013734
1004219,ILRO-1026,2014,1,8/6/2014,PROB,40.82178,-87.82629,Temperate Plains,IL,Y,-0.701941243,-1.418791958,0.681836364,0.197217885
1004222,IAS9-0929,2014,1,8/5/2014,PROB,43.49762,-92.19012,Upper Midwest,IA,Y,-0.659375643,-0.443317996,0.121218182,-0.108285191
1004223,MTLS-1164,2014,1,8/6/2014,HAND,45.77456,-108.2987,Northern Plains,MT,Y,-0.300022199,-2.044693661,1.030322727,-0.098269308
1004224,MTS9-0943,2014,1,8/4/2014,PROB,46.78492,-108.5939,Northern Plains,MT,Y,-0.003567934,-1.422337189,0.80305,-0.166476211
1004225,DES9-0905,2014,2,8/6/2014,PROB,38.5426,-75.5231,Coastal Plains,DE,N,-0.231160167,-1.23285866,0,0.013985646
1004226,RIRF-0001,2014,1,8/6/2014,HAND,41.52871,-71.68985,Northern Appalachians,RI,Y,-0.132371831,-0.410756661,0.5379,0.18514278
1004227,MIR9-0905,2014,1,8/6/2014,PROB,43.02234,-86.02397,Upper Midwest,MI,Y,-0.483885483,-1.081522635,1.151545455,-0.149437302
1004228,MOSS-1161,2014,1,8/6/2014,PROB,40.1564,-92.3149,Temperate Plains,MO,Y,-0.455650037,-1.628263443,0.818218182,-0.135057643
1004229,TXRM-1016,2014,1,8/6/2014,PROB,32.61179,-95.48269,Coastal Plains,TX,Y,-0.821284597,-0.412955575,0.227277273,0.099193913
1004230,ORSS-1169,2014,1,8/6/2014,PROB,44.13017,-122.1306,Western Mountains,OR,Y,-0.03664153,-1.433400407,0.424263636,-0.072443004
1004231,LAR9-0901,2014,2,8/6/2014,PROB,32.9748,-92.07644,Coastal Plains,LA,N,-0.11018916,-1.938641946,0.181822727,-0.084264487
1004232,MTR9-0906,2014,1,8/6/2014,PROB,46.35963,-105.814,Northern Plains,MT,Y,-1.160579093,-0.667377446,1.075790909,-0.313241892
1004233,MTRO-1073,2014,1,8/6/2014,PROB,46.34324,-105.8019,Northern Plains,MT,Y,-1.059121453,0.279797884,0.68185,-0.570100974
1004234,NDR9-0901,2014,1,8/6/2014,PROB,46.11629,-97.38506,Temperate Plains,ND,Y,-0.016701823,-2.02578724,1.12125,-1.293204657
1004235,SDR9-0916,2014,1,8/6/2014,PROB,45.35232,-96.70891,Temperate Plains,SD,Y,-0.620612065,-1.407995372,1.833395455,-0.727525465
1004236,WALS-1073,2014,1,8/6/2014,PROB,48.19887,-117.5957,Western Mountains,WA,Y,-0.164309429,-0.434771548,0.196977273,0.121022351
1004237,GAR9-0910,2014,1,8/6/2014,PROB,32.51384,-81.61019,Coastal Plains,GA,Y,-0.221191226,-0.933348752,0.098486364,0.208050276
1004238,NHRF-0004,2014,1,8/7/2014,HAND,44.12177,-71.9318,Northern Appalachians,NH,Y,-0.5315184,0.138507049,0.51806342,-0.193357601
1004239,ALRO-1023,2014,1,8/7/2014,PROB,31.07464,-87.08873,Coastal Plains,AL,Y,-0.958607315,-1.322713452,1.083345455,-0.093346677
1004240,ILS9-0928,2014,2,8/7/2014,PROB,41.72844,-87.99265,Temperate Plains,IL,N,-0.427550863,0.035701642,3.943408009,0.001871325
1004241,IAR9-0906,2014,1,8/7/2014,PROB,43.10975,-91.17645,Upper Midwest,IA,Y,-0.827874927,,0.83335,-0.258920061
1004242,MSS9-0919,2014,2,8/6/2014,PROB,31.31669,-90.29969,Coastal Plains,MS,N,-0.727525465,-0.592512619,0.712122727,0.003809174
1004243,MDR9-0901,2014,1,8/7/2014,PROB,39.06637,-77.38957,Southern Appalachians,MD,Y,-0.243087403,1.067057072,1.083363636,0.155128918
1004244,IARM-1002,2014,1,8/8/2014,PROB,43.09286,-91.17658,Upper Midwest,IA,Y,-0.808396576,,0.752540476,-0.058669297
1004245,NES9-0935,2014,1,8/8/2014,PROB,40.07208,-97.24108,Southern Plains,NE,Y,-0.738196627,-2.095814718,0.181818182,-0.073610777
1004246,MTRO-1065,2014,1,8/7/2014,PROB,46.06435,-105.0682,Northern Plains,MT,Y,-0.941022138,-0.625061558,0.363654545,-1.005962945
1004247,NER9-0909,2014,1,8/6/2014,PROB,42.94804,-99.44767,Northern Plains,NE,Y,-0.585026652,-1.46721573,1.375,0.054995862
1004248,TNS9-0927,2014,1,8/6/2014,PROB,36.40331,-84.0483,Southern Appalachians,TN,Y,-0.528175086,0.759990207,1.136413636,0.154437807
1004249,MSS9-0912,2014,1,8/8/2014,PROB,32.64696,-90.33467,Coastal Plains,MS,Y,-0.795880017,-2.261507321,1.030336364,0.104269785
1004250,TNR9-0905,2014,1,8/7/2014,PROB,36.12508,-83.18162,Southern Appalachians,TN,Y,-0.525518842,1.234922983,1.422846537,0.195962516
1004251,TNS9-0921,2014,1,8/8/2014,PROB,35.67847,-84.89154,Southern Appalachians,TN,Y,-0.808396576,-0.551830925,0.33335,0.149988457
1004252,IDS9-0925,2014,1,8/7/2014,PROB,44.84404,-113.8167,Western Mountains,ID,Y,0.041751458,-1.794749557,1.50005,-0.119186408
1004253,IDLS-1074,2014,1,8/8/2014,PROB,45.60399,-113.9651,Western Mountains,ID,Y,-0.508638306,-0.113476763,0.500022727,-0.152932367
1004254,IDRO-1046,2014,1,8/5/2014,PROB,45.11921,-113.7782,Western Mountains,ID,Y,-0.232844134,0.248831459,1.007259524,-0.059234564
1004255,IDR9-0912,2014,1,8/6/2014,PROB,45.13323,-113.8008,Western Mountains,ID,Y,-0.743632175,-0.017679563,2.67918452,-0.065501549
1004256,RIRO-1002,2014,1,8/10/2014,PROB,41.40065,-71.7311,Northern Appalachians,RI,Y,-0.687284247,-1.254607377,0,0.168725098
1004257,RIR9-0902,2014,2,8/10/2014,PROB,41.39354,-71.8408,Northern Appalachians,RI,N,-0.668480681,0.495117561,3.007713636,0.058028959
1004258,MAS9-0915,2014,1,8/11/2014,PROB,42.45575,-72.88497,Northern Appalachians,MA,Y,-0.427550863,-0.880797073,2.810686364,-0.091514981
1004259,IDLS-1083,2014,1,8/8/2014,PROB,43.36601,-111.4188,Western Mountains,ID,Y,-0.499189902,-1.995422454,1.090909091,-0.100751707
1004260,IDRO-1051,2014,1,8/11/2014,PROB,42.81658,-111.5148,Xeric,ID,Y,-1.256062854,-0.807612823,1.696986364,-1.016086822
1004261,IDRO-1055,2014,1,8/10/2014,PROB,43.12051,-111.9117,Xeric,ID,Y,-0.862415739,0.640928908,1.681827273,-0.183457421
1004262,IDRF-0102,2014,1,8/6/2014,HAND,44.49182,-111.2855,Western Mountains,ID,Y,-1.016086822,0.220222617,0,-0.238789975
1004263,MTRF-0115,2014,1,8/7/2014,HAND,45.03189,-111.6712,Western Mountains,MT,Y,-0.570100974,0.463086302,0.090913636,-0.266146425
1004264,MTRF-0110,2014,1,8/9/2014,HAND,44.96752,-111.979,Western Mountains,MT,Y,-0.743632175,-2.072395928,0.128790909,-0.010590636
1004265,MTRF-0116,2014,1,8/8/2014,HAND,45.05411,-111.1568,Western Mountains,MT,Y,-0.55923399,0.260295764,0.33335,-0.356996206
1004266,IARO-1014,2014,1,8/11/2014,PROB,42.82805,-91.37593,Upper Midwest,IA,Y,-1.160579093,,0.484872727,-0.10137453
1004267,OKRM-1020,2014,1,8/11/2014,PROB,33.87103,-95.43251,Coastal Plains,OK,Y,-1.160579093,-0.700310033,0.098486364,-0.502316586
1004268,CAR9-0901,2014,2,8/11/2014,PROB,41.31853,-123.528,Western Mountains,CA,N,-0.802093205,0.763839751,0.6667,-0.295342608
1004269,TNLS-1032,2014,1,8/10/2014,PROB,36.43374,-83.12249,Southern Appalachians,TN,Y,-0.812222983,-0.197918473,2.168534199,-0.187238521
1004270,TNS9-0922,2014,1,8/11/2014,PROB,35.8291,-83.48464,Southern Appalachians,TN,Y,-0.808396576,0.2724034,1.863668182,-0.306193137
1004271,ORRM-1007,2014,1,8/11/2014,PROB,43.65161,-123.9032,Western Mountains,OR,Y,-0.150134068,,2.061435455,-0.098269308
1004272,MSR9-0904,2014,1,8/11/2014,PROB,32.08681,-90.94759,Coastal Plains,MS,Y,-0.562826189,-3.049666535,0.924259091,-0.027607794
1004273,DER9-0901,2014,2,8/11/2014,PROB,39.70013,-75.63339,Coastal Plains,DE,N,-0.30819542,-0.869779705,0.128790909,0.034974646
1004274,CTR9-0901,2014,2,8/12/2014,PROB,41.89123,-72.6621,Northern Appalachians,CT,N,-0.581246868,-0.816450054,1.636418182,0.076623896
1004275,CTR9-0906,2014,2,8/12/2014,PROB,41.84448,-72.632,Northern Appalachians,CT,N,-0.92412139,-0.336358433,2.32508,-0.083665708
1004276,IALS-1049,2014,1,8/12/2014,PROB,43.47283,-92.28034,Temperate Plains,IA,Y,-0.810943763,-1.720470801,1.529291558,-0.132371831
1004277,OKRO-1103,2014,1,8/12/2014,PROB,34.1366,-94.68233,Southern Appalachians,OK,Y,-0.577499695,1.00620558,0.969718182,0.066580023
1004278,TXLS-1134,2014,1,8/12/2014,PROB,31.85906,-99.20214,Southern Plains,TX,Y,-0.449215928,-1.214416205,0,0.081150839
1004279,WIRF-0014,2014,1,8/12/2014,HAND,46.0922,-89.2615,Upper Midwest,WI,Y,-0.446172119,-1.278158375,0.242436364,0.016368482
1004280,INR9-0904,2014,1,8/12/2014,PROB,38.45178,-87.598,Temperate Plains,IN,Y,-0.706938935,-2.145633383,0.992459091,0.107364166
1004281,NDLS-1063,2014,1,8/12/2014,PROB,46.02672,-101.3583,Northern Plains,ND,Y,-0.304200043,-2.003849497,0.6667,-1.016086822
1004282,SDRM-1022,2014,1,8/11/2014,PROB,45.69451,-101.6259,Northern Plains,SD,Y,-0.958607315,-2.020907927,0.363654545,-1.402903423
1004283,VAS9-0915,2014,1,8/11/2014,PROB,38.39533,-77.95542,Southern Appalachians,VA,Y,-0.389630237,-1.354294798,0,0.061897786
1004284,VAS9-0917,2014,1,8/12/2014,PROB,37.49176,-78.75646,Southern Appalachians,VA,Y,-0.427550863,-0.972254556,0,0.195018603
1004285,CAR9-0913,2014,1,8/12/2014,PROB,41.84331,-122.8997,Western Mountains,CA,Y,-0.592686366,1.042264229,0.803059091,-0.338316358
1004286,CAR9-0906,2014,1,8/12/2014,PROB,41.53926,-123.5267,Western Mountains,CA,Y,-0.585026652,0.601244704,0.575786364,-0.265236527
1004287,NESS-1138,2014,1,8/12/2014,PROB,42.59489,-103.9548,Southern Plains,NE,Y,-0.180456064,-3.102318994,1.5,-1.911058926
1004288,SDS9-0945,2014,2,8/12/2014,PROB,44.05555,-96.98759,Temperate Plains,SD,N,-0.958607315,-2.093080247,2.242513636,-1.182554835
1004289,WIRO-1040,2014,1,8/12/2014,PROB,45.84305,-88.14312,Upper Midwest,WI,Y,-0.463326801,-0.984002958,0.166668182,0.016368482
1004290,ORRO-1049,2014,1,8/12/2014,PROB,43.12125,-124.1794,Western Mountains,OR,Y,-0.404403583,,1.822592857,-0.058669297
1004291,WVS9-0923,2014,2,8/12/2014,PROB,38.20966,-80.04873,Southern Appalachians,WV,N,-0.496085569,0.211058604,0.651522727,-0.050277413
1004292,MTRO-1068,2014,1,8/12/2014,PROB,48.69315,-112.5083,Northern Plains,MT,Y,-0.424917171,0.303066502,1.00005,-0.824567263
1004293,WYSS-1206,2014,1,8/12/2014,PROB,41.23328,-105.2929,Western Mountains,WY,Y,-0.203488741,-1.87898616,0.765181818,-0.090906128
1004294,WALS-1068,2014,1,8/12/2014,PROB,47.57364,-123.5832,Western Mountains,WA,Y,-0.877039828,-0.308270007,0.454563636,0.238160196
1004295,INR9-0901,2014,2,8/13/2014,PROB,38.64279,-87.61438,Temperate Plains,IN,N,-0.821284597,-1.177369458,0.409104545,0.150965654
1004296,IALS-1054,2014,1,8/13/2014,PROB,43.34031,-91.83877,Upper Midwest,IA,Y,-0.641718964,-0.305552766,2.091013636,-0.392057827
1004297,MTS9-0922,2014,2,8/13/2014,PROB,48.00505,-116.0017,Western Mountains,MT,N,-0.625862905,0.299637519,0.6667,-0.156455788
1004298,MTS9-0926,2014,1,8/12/2014,PROB,47.83706,-114.7377,Western Mountains,MT,Y,0.139030973,-0.816176465,2.410265385,-0.121389835
1004299,SDLS-1119,2014,2,8/13/2014,PROB,45.58738,-100.964,Northern Plains,SD,N,-0.030245324,-1.742557499,0.484872727,-0.275351825
1004300,PARO-1051,2014,1,8/13/2014,PROB,39.80494,-79.32561,Southern Appalachians,PA,Y,-0.592686366,0.906678182,0.882429004,0.114626146
1004301,WYSS-1210,2014,1,8/13/2014,PROB,41.97347,-110.7556,Xeric,WY,Y,-0.352528117,-3.360268266,1.257577273,-0.030774758
1004302,WAS9-0927,2014,1,8/13/2014,PROB,46.53201,-123.827,Western Mountains,WA,Y,-0.18195415,-2.00926237,1.3334,0.099978689
1004303,ORRM-1004,2014,1,8/13/2014,PROB,42.46828,-124.3453,Western Mountains,OR,Y,-0.54515514,0.093914896,1.651590909,-0.16287089
1004304,MSRM-1003,2014,1,8/13/2014,PROB,32.11672,-90.87777,Coastal Plains,MS,Y,-0.862415739,-2.613461433,0.287890909,0.093262457
1004305,WYS9-0938,2014,2,8/13/2014,PROB,43.65474,-109.9079,Western Mountains,WY,N,-0.438248312,-2.727819214,1.651522727,-0.1357317
1004306,MTSS-1326,2014,1,8/13/2014,PROB,48.43206,-113.1133,Northern Plains,MT,Y,-0.996069706,-0.08473571,0.6667,-0.44096436
1004307,NER9-0915,2014,1,8/13/2014,PROB,41.54085,-102.716,Southern Plains,NE,Y,-0.926892903,-1.104000162,1.201420833,-0.508638306
1004308,MARM-1001,2014,1,8/12/2014,PROB,42.65448,-72.46514,Northern Appalachians,MA,Y,-1.301029996,-3.193409914,1.727340909,-0.073610777
1004309,TXRM-1020,2014,1,8/13/2014,PROB,31.49402,-99.60394,Southern Plains,TX,Y,-0.387216143,1.287080226,0.492436364,-0.063783383
1004310,WASS-1139,2014,1,8/12/2014,PROB,46.45441,-120.4151,Xeric,WA,Y,-0.496085569,-3.221970349,1.916727273,-0.325598187
1004311,WISS-1163,2014,1,8/11/2014,PROB,46.51068,-90.7087,Upper Midwest,WI,Y,-0.20034622,-0.123343983,0,0.124741285
1004312,INR9-0902,2014,2,8/14/2014,PROB,38.83491,-86.52326,Southern Appalachians,IN,N,-0.727525465,-1.564949872,1.143986364,0.120274727
1004313,WIRF-0007,2014,1,8/13/2014,HAND,45.48002,-88.53712,Upper Midwest,WI,Y,-0.217918456,-0.119806316,0.212122727,0.091666958
1004314,MAR9-0901,2014,1,8/14/2014,PROB,41.96179,-70.91978,Northern Appalachians,MA,Y,-0.521564691,-2.510660016,1.007609091,0.137871779
1004321,WAS9-0917,2014,1,8/14/2014,PROB,46.52706,-120.7843,Xeric,WA,Y,-0.711994806,-1.364688064,0,-0.675325671
1004322,NJRM-1002,2014,1,8/14/2014,PROB,41.31138,-74.79188,Southern Appalachians,NJ,Y,-0.227811696,0.575923172,0.954572727,0.145704816
1004324,MAR9-0903,2014,1,8/13/2014,PROB,42.57836,-72.56958,Northern Appalachians,MA,Y,-1.016086822,-2.135044382,0.856445887,0.063606264
1004325,MARM-1002,2014,1,8/14/2014,PROB,42.35176,-72.62634,Northern Appalachians,MA,Y,-0.23793557,-0.325006433,1.81825,0.18514278
1004327,NER9-0916,2014,1,8/14/2014,PROB,41.02435,-98.06696,Southern Plains,NE,Y,-0.958607315,-0.944343688,0.500018182,-0.392057827
1004328,TXRO-1085,2014,1,8/14/2014,PROB,30.67963,-99.02699,Southern Plains,TX,Y,-0.958607315,-0.374963091,0.3788,-0.426232021
1004329,VAS9-0916,2014,1,8/14/2014,PROB,36.61352,-80.71126,Southern Appalachians,VA,Y,-0.432866652,-0.617195063,0.522727273,0.146409954
1004330,MSRM-1001,2014,1,8/14/2014,PROB,32.84498,-89.99038,Coastal Plains,MS,Y,-0.673105801,-1.138388555,0.174245455,0.066156445
1004331,WYSS-1204,2014,1,8/14/2014,PROB,42.77052,-109.257,Western Mountains,WY,Y,-0.641718964,0.041285398,0,-0.03933467
1004332,MASS-1076,2014,1,8/15/2014,PROB,41.7107,-71.05982,Northern Appalachians,MA,Y,-0.206654167,-2.333397896,0,0.387713323
1004333,WYR9-0903,2014,1,8/15/2014,PROB,44.47897,-109.383,Xeric,WY,Y,-0.83456681,0.699903861,0.651545455,-0.149437302
1004334,MTLS-1189,2014,1,8/14/2014,HAND,48.86863,-113.5235,Western Mountains,MT,Y,-0.239646066,-0.252943364,0.484872727,-0.028660884
1004335,TNRM-1004,2014,1,8/15/2014,PROB,36.58865,-85.50778,Southern Appalachians,TN,Y,-0.668480681,-0.629259362,0.578658874,0.185464885
1004336,LARO-1022,2014,1,8/15/2014,PROB,31.64202,-91.7872,Coastal Plains,LA,Y,-0.158583644,-2.403389019,0,-0.117889618
1004337,MARM-1003,2014,1,8/17/2014,PROB,42.65102,-71.3109,Northern Appalachians,MA,Y,-0.432866652,-2.019830175,4.799541126,-0.288576254
1004338,MERO-1025,2014,1,8/15/2014,PROB,43.49894,-70.48889,Northern Appalachians,ME,Y,-0.493003268,,1.348536364,0.051503326
1004339,MSRO-1022,2014,1,8/16/2014,PROB,33.43219,-91.12303,Coastal Plains,MS,Y,-1.485090181,-1.470639309,1.598509091,-0.502316586
1004340,MSRO-1019,2014,1,8/17/2014,PROB,34.66684,-90.21998,Coastal Plains,MS,Y,-0.738196627,-2.682510772,0.166668182,0.156163528
1004341,NDRF-0008,2014,1,8/17/2014,HAND,48.83818,-98.0068,Temperate Plains,ND,Y,-1.016086822,-0.512637201,1.318181818,-0.480888271
1004342,CTR9-0902,2014,1,8/17/2014,PROB,41.7827,-71.89588,Northern Appalachians,CT,Y,-0.406915415,0.322508682,1.265177273,0.27740082
1004343,MTRF-0103,2014,1,8/13/2014,HAND,47.48565,-113.2271,Western Mountains,MT,Y,-1.082351291,0.243212444,0,-0.221191226
1004344,IDS9-0920,2014,2,8/14/2014,PROB,45.33148,-115.9499,Western Mountains,ID,N,-0.396954096,-0.746367587,0.33335,0.129162373
1004345,IDS9-0921,2014,1,8/12/2014,PROB,42.17904,-114.222,Xeric,ID,Y,-0.717110229,-1.703422384,0.303045455,-0.318347694
1004346,INSS-1095,2014,1,8/18/2014,PROB,40.41867,-87.52563,Temperate Plains,IN,Y,-0.318347694,-1.239401175,1.060609091,-1.402903423
1004347,SDRO-1071,2014,1,8/13/2014,PROB,43.96688,-98.98078,Northern Plains,SD,Y,-0.624752178,-2.111612545,2.272809091,-2
1004348,RIR9-0901,2014,2,8/18/2014,PROB,41.88014,-71.3813,Northern Appalachians,RI,N,-0.604435354,0.545037014,8.313182251,-0.227811696
1004349,RIRO-1003,2014,1,8/18/2014,PROB,41.9159,-71.41315,Northern Appalachians,RI,Y,-1.22184875,-0.651575239,2.931863636,-0.002573898
1004350,CARM-1012,2014,1,8/18/2014,PROB,40.51054,-124.1486,Western Mountains,CA,Y,-1.256062854,0.672024236,0.454568182,-0.139798157
1004351,MTLS-1138,2014,1,8/18/2014,PROB,45.3917,-109.6788,Northern Plains,MT,Y,-0.251811973,-0.217060465,2.333372727,-0.091514981
1004352,ORR9-0905,2014,2,8/18/2014,PROB,44.49071,-122.8137,Western Mountains,OR,N,-0.727525465,0.966032167,1.25005,-0.032366943
1004353,MIS9-0926,2014,1,8/18/2014,PROB,43.93064,-86.02687,Upper Midwest,MI,Y,-0.668480681,-1.528081286,0.318186364,-0.27256966
1004354,SDRO-1078,2014,1,8/18/2014,PROB,43.32469,-100.8835,Northern Plains,SD,Y,-0.641718964,-0.621506773,1.424290909,-0.108918921
1004355,VAS9-0918,2014,1,8/18/2014,PROB,37.05595,-80.29943,Southern Appalachians,VA,Y,-0.067803062,-2.501282721,1.5,-0.986396824
1004356,WYRF-0102,2014,1,8/18/2014,HAND,44.89624,-110.2571,Western Mountains,WY,Y,-1.15490196,0.33220489,0.33335,-0.580870692
1004357,WYSS-1213,2014,1,8/17/2014,PROB,44.79068,-109.7995,Western Mountains,WY,Y,-0.33939321,-1.211583629,0,-0.534887652
1004358,TNS9-0920,2014,2,8/18/2014,PROB,36.18743,-89.09897,Coastal Plains,TN,N,-0.738196627,-0.268555117,2.333368182,0.017791933
1004359,NERO-1046,2014,1,8/15/2014,PROB,41.21068,-98.11082,Southern Plains,NE,Y,-0.862415739,-1.057646265,1.090918182,-0.612448395
1004360,TNLS-1031,2014,1,8/13/2014,PROB,36.26538,-82.31631,Southern Appalachians,TN,Y,-0.670324822,-0.209236191,2.030322727,-0.318347694
1004361,TNSS-1073,2014,1,8/12/2014,PROB,36.07871,-82.5009,Southern Appalachians,TN,Y,-0.173042186,-0.302069194,2.431868182,0.058891682
1004362,INS9-0927,2014,1,8/19/2014,PROB,40.71213,-86.85061,Temperate Plains,IN,Y,-0.83456681,-1.283913648,1.750045455,-0.431531592
1004363,MTR9-0917,2014,1,8/19/2014,PROB,45.59732,-109.3116,Northern Plains,MT,Y,-0.419697223,0.593817,1.25005,-0.267058235
1004364,MALS-1041,2014,1,8/19/2014,PROB,42.03199,-71.6083,Northern Appalachians,MA,Y,-0.892173573,0.704403538,2.462195455,0.213819497
1004365,DELS-1033,2014,1,8/18/2014,PROB,38.70236,-75.4707,Coastal Plains,DE,Y,-1.037071311,-1.556241478,0,-0.507049228
1004366,GAR9-0913,2014,1,8/19/2014,PROB,30.962,-84.55847,Coastal Plains,GA,Y,-0.443697499,-0.096582226,1.371240909,0.040404529
1004367,KYRM-1005,2014,1,8/19/2014,PROB,37.23859,-86.67502,Temperate Plains,KY,Y,-0.262518213,-0.318254745,0.52275,-0.02813402
1004369,MERM-1004,2014,1,8/18/2014,PROB,43.98173,-70.04076,Northern Appalachians,ME,Y,-0.760359317,-0.709525796,0.984872727,0.036792161
1004370,PALS-1089,2014,1,8/19/2014,PROB,40.09951,-74.86764,Coastal Plains,PA,Y,-0.019789969,0.08514009,5.371290909,0.002362442
1004371,NDRO-1021,2014,1,8/19/2014,PROB,46.05266,-101.4819,Northern Plains,ND,Y,-0.075955785,-1.247619279,1.242454545,-1.175105345
1004372,SDRM-1013,2014,1,8/19/2014,PROB,43.69437,-102.0366,Northern Plains,SD,Y,-1.106894235,-1.347185061,0.712154545,-0.344817893
1004373,VAS9-0921,2014,1,8/19/2014,PROB,38.04565,-79.87784,Southern Appalachians,VA,Y,-0.449215928,-0.183891065,1.924286364,0.054560827
1004374,TNR9-0901,2014,1,8/19/2014,PROB,36.60637,-85.50504,Southern Appalachians,TN,Y,-0.446447948,-3.29407616,0.642880952,0.213215807
1004375,TNR9-0902,2014,2,8/19/2014,PROB,35.95145,-83.55066,Southern Appalachians,TN,N,-0.738316681,-2.9774447,1.52527684,-0.304200043
1004376,TNRO-1015,2014,1,8/18/2014,PROB,35.69164,-87.22675,Southern Appalachians,TN,Y,-0.970739234,-1.615362663,0.677158874,0.025771198
1004377,CAR9-0911,2014,1,8/19/2014,PROB,40.31844,-123.771,Western Mountains,CA,Y,-0.600483603,1.318848935,0.409104545,-0.186479663
1004378,MIRO-1025,2014,1,8/19/2014,PROB,42.472,-83.77274,Upper Midwest,MI,Y,-0.555671259,-0.729139867,0.090909091,-0.233688572
1004379,MERF-0003,2014,1,8/19/2014,HAND,46.78055,-69.33293,Northern Appalachians,ME,Y,-0.459045191,1.068113791,0,0.054995862
1004380,MORM-1003,2014,1,8/19/2014,PROB,37.96301,-89.98239,Temperate Plains,MO,Y,-0.783714109,-3.292671213,1.212145455,-0.427550863
1004381,WAR9-0903,2014,2,8/19/2014,PROB,48.52327,-122.0543,Western Mountains,WA,N,-1.160579093,1.131703542,0.606081818,0.116517181
1004382,OKRM-1026,2014,1,8/19/2014,PROB,34.20331,-99.11783,Southern Plains,OK,Y,-0.848268086,-1.064423368,0,-0.335101728
1004383,MTS9-0945,2014,1,8/19/2014,PROB,45.30787,-109.5258,Northern Plains,MT,Y,-0.596567486,0.003928843,1.401536364,-0.612448395
1004384,WARF-0001,2014,1,8/19/2014,HAND,47.62908,-122.7915,Western Mountains,WA,Y,-0.795880017,-0.580876585,0.068181818,-0.053614734
1004385,SDRM-1017,2014,1,8/19/2014,PROB,45.18873,-102.2796,Northern Plains,SD,Y,-1.106894235,-0.473821604,0.6667,-1.837272689
1004386,WYRO-1044,2014,1,8/19/2014,PROB,42.58406,-109.9203,Xeric,WY,Y,-0.986396824,0.306778293,1.3788,-0.381238971
1004387,ORLS-1110,2014,1,8/19/2014,PROB,43.50132,-121.7753,Western Mountains,OR,Y,-0.381951903,-1.495614067,1.500072727,-0.114664485
1004388,MALS-1042,2014,1,8/20/2014,PROB,42.45926,-71.44284,Northern Appalachians,MA,Y,-0.424917171,-0.607497726,5.030359091,-0.083665708
1004389,INLS-1043,2014,1,8/20/2014,PROB,41.3719,-86.18942,Upper Midwest,IN,Y,-0.46046771,-2.051535089,0.727286364,-0.095186131
1004390,LAR9-0907,2014,1,8/19/2014,PROB,32.65297,-91.14072,Coastal Plains,LA,Y,-0.236231784,-1.892596417,0.75,-0.206654167
1004391,LARM-1001,2014,1,8/18/2014,PROB,32.2701,-90.96074,Coastal Plains,LA,Y,-0.422299355,-2.746196962,0.378795455,-0.060934793
1004392,KYRM-1001,2014,1,8/20/2014,PROB,37.33669,-87.13761,Temperate Plains,KY,Y,-0.52651303,-3.253938917,0.61365,0.041302946
1004393,MTRF-0005,2014,1,8/19/2014,HAND,48.99986,-114.4751,Western Mountains,MT,Y,-0.480888271,0.729433953,0.287886364,-0.095186131
1004394,PAS9-0915,2014,2,8/20/2014,PROB,40.07336,-75.22354,Southern Appalachians,PA,N,-0.071278363,-0.231272543,2.492472727,0.119240174
1004395,TXLS-1132,2014,1,8/20/2014,PROB,29.84207,-97.60258,Southern Plains,TX,Y,-0.229482704,-2.77114193,0.992440909,0.012549644
1004396,OKLS-1222,2014,1,8/20/2014,PROB,34.44337,-99.65264,Southern Plains,OK,Y,-0.612448395,-1.122489709,1.5,-0.132371831
1004397,MOR9-0906,2014,1,8/20/2014,PROB,39.17605,-90.71722,Temperate Plains,MO,Y,-0.650457577,-2.732409195,1.030336364,0.056731653
1004398,MESS-1104,2014,1,8/19/2014,PROB,43.76644,-70.76903,Northern Appalachians,ME,Y,-0.882360503,-2.211665531,0.33335,-0.5315184
1004399,VARS11-163,2014,1,8/20/2014,PROB,37.5791,-79.5822,Southern Appalachians,VA,Y,-0.548632296,1.498669359,1.166709091,0.128061313
1004401,ILR9-0903,2014,1,8/19/2014,PROB,37.00011,-89.26342,Coastal Plains,IL,Y,-0.521564691,-1.888967904,1.102813853,-0.083067753
1004402,MERF-0004,2014,1,8/20/2014,HAND,46.50131,-68.39832,Northern Appalachians,ME,Y,-0.56644835,0.766917472,0.090913636,-0.311216261
1004403,MIR9-0901,2014,2,8/20/2014,PROB,43.05631,-85.59421,Upper Midwest,MI,N,-0.941022138,-1.299919949,2.083372727,-0.043678737
1004404,ILR9-0901,2014,1,8/20/2014,PROB,39.20865,-90.59292,Temperate Plains,IL,Y,-1.037071311,3.542834184,0.659090909,0.2077445
1004405,MTS9-0935,2014,1,8/20/2014,PROB,45.03421,-107.5853,Northern Plains,MT,Y,-0.52651303,-0.459108795,0.2777875,-0.144935365
1004406,WYS9-0929,2014,1,8/20/2014,PROB,42.87581,-110.0332,Xeric,WY,Y,-1.190134333,1.14938009,0.136368182,-0.431531592
1004407,SDLS-1117,2014,1,8/20/2014,PROB,43.43648,-102.1837,Southern Plains,SD,Y,-0.178963129,-2.567779043,1.098513636,-0.005063269
1004408,SDRM-1014,2014,1,8/20/2014,PROB,43.50802,-102.5045,Northern Plains,SD,Y,-1.256062854,-1.158887311,1.053054545,-0.222013286
1004409,WARF-0002,2014,1,8/20/2014,HAND,47.68139,-123.0204,Western Mountains,WA,Y,-0.759223907,-0.487101788,0.371218182,-0.000098715
1004411,SDRO-1075,2014,1,8/20/2014,PROB,45.24091,-103.1254,Northern Plains,SD,Y,-0.541705603,-0.720705124,0.7273,-2
1004413,NELS-1083,2014,1,8/20/2014,PROB,42.81968,-98.26476,Northern Plains,NE,Y,-1.160579093,-0.784559308,0.727309091,-0.55744897
1004414,NER9-0909,2014,2,8/21/2014,PROB,42.94804,-99.44767,Northern Plains,NE,N,-1.049797467,-1.631213716,1.069445833,-0.365690703
1004415,WARO-1043,2014,1,8/20/2014,PROB,48.47893,-122.258,Western Mountains,WA,Y,-0.941022138,-0.360894629,1.21975,0.066580023
1004416,CTRO-1019,2014,1,8/21/2014,PROB,41.7717,-72.90108,Northern Appalachians,CT,Y,-0.125729081,0.583895887,3.198520346,0.135710747
1004417,ILRM-1003,2014,1,8/21/2014,PROB,39.53748,-90.57779,Temperate Plains,IL,Y,-0.760359317,3.415408036,2.727309091,0.096831043
1004418,WIR9-0915,2014,1,8/21/2014,PROB,44.88346,-87.8572,Upper Midwest,WI,Y,-0.697000411,-1.636375208,2.795504545,-0.118537529
1004419,GAR9-0905,2014,1,8/20/2014,PROB,32.14304,-83.38112,Coastal Plains,GA,Y,-0.234534655,-0.865984982,0.060609091,0.184820435
1004420,MESS-1108,2014,1,8/20/2014,PROB,44.30411,-70.38665,Northern Appalachians,ME,Y,-0.100129776,-1.738354899,0,-0.26071541
1004421,KYR9-0901,2014,2,8/21/2014,PROB,37.7814,-88.03819,Temperate Plains,KY,N,-1.22184875,-1.710969777,0.545468182,-0.081278813
1004422,VAS9-0919,2014,1,8/21/2014,PROB,37.10205,-81.04268,Southern Appalachians,VA,Y,-0.650457577,-0.920856885,2.50005,-1.146523031
1004423,UTRO-1037,2014,1,8/21/2014,PROB,40.21278,-109.7976,Xeric,UT,Y,-0.808396576,-0.494877876,0.068181818,-0.373006768
1004424,TNSS-1077,2014,1,8/20/2014,PROB,36.09756,-87.14259,Southern Appalachians,TN,Y,-0.570100974,0.595881123,1.121236364,0.096831043
1004425,MIR9-0908,2014,1,8/21/2014,PROB,42.54167,-84.62803,Upper Midwest,MI,Y,-0.83456681,-1.338717507,1.037904545,-0.121791662
1004426,MOR9-0903,2014,1,8/21/2014,PROB,38.96337,-90.41565,Temperate Plains,MO,Y,-0.555671259,-2.967896395,2.181872727,-0.095186131
1004427,SDR9-0915,2014,1,8/21/2014,PROB,43.60715,-102.997,Northern Plains,SD,Y,-0.996069706,-0.571998234,0.742454545,-0.246556227
1004428,MAS9-0914,2014,2,8/22/2014,PROB,42.63171,-72.129,Northern Appalachians,MA,N,-0.766081332,-0.180527738,2.275322944,0.117647863
1004429,CORM-1005,2014,1,8/22/2014,PROB,39.07383,-108.4197,Xeric,CO,Y,-1.333822512,0.990328228,1.338787013,-0.394499061
1004430,SDR9-0920,2014,1,8/22/2014,PROB,43.64223,-101.8385,Northern Plains,SD,Y,-0.760359317,-1.384051754,0.6667,-0.037716783
1004431,NESS-1140,2014,1,8/22/2014,PROB,42.69389,-98.90705,Northern Plains,NE,Y,-0.55923399,-1.578496371,1.560609091,-0.618556717
1004432,MTLS-1135,2014,1,8/20/2014,PROB,46.70854,-104.234,Northern Plains,MT,Y,-0.600483603,-2.296814496,1.212168182,-0.304200043
1004433,MTR9-0903,2014,2,8/21/2014,PROB,48.07661,-104.3912,Northern Plains,MT,N,-0.335101728,-0.84692845,1.098527273,-1.026452336
1004434,MELS-1052,2014,1,8/22/2014,PROB,44.88916,-69.66398,Northern Appalachians,ME,Y,-0.92412139,-2.64556604,0.606077273,-0.082470621
1004435,MER9-0901,2014,2,8/24/2014,PROB,47.13183,-67.8981,Northern Appalachians,ME,N,-2,-4.113185774,1.652287229,-0.267058235
1004437,MAR9-0902,2014,1,8/24/2014,PROB,42.70064,-71.21798,Northern Appalachians,MA,Y,-0.706938935,-2.420169008,3.310704545,0.119150873
1004440,WYR9-0901,2014,1,8/24/2014,PROB,42.85202,-106.1859,Northern Plains,WY,Y,-0.821284597,1.169101025,0.878818182,-0.174514871
1004441,MERF-0002,2014,1,8/21/2014,HAND,44.98339,-69.55682,Northern Appalachians,ME,Y,-0.167200881,0.558375902,0.893981818,-0.017214991
1004442,MORM-1006,2014,1,8/22/2014,PROB,39.14987,-94.03294,Temperate Plains,MO,Y,-0.585026652,-2.937820457,1.637128355,0.011108878
1004443,IDRM-1018,2014,1,8/23/2014,PROB,45.87269,-116.7464,Western Mountains,ID,Y,-0.427257441,0.219986532,0.060609091,-0.877039828
1004444,IDRM-1010,2014,1,8/21/2014,PROB,45.91822,-116.4312,Western Mountains,ID,Y,-0.534887652,0.312457055,0.886404545,-0.932489557
1004445,IDRM-1006,2014,1,8/24/2014,PROB,46.07413,-116.9562,Western Mountains,ID,Y,-0.687284247,0.990440215,0.530327273,-0.602454985
1004446,RIS9-0913,2014,2,8/25/2014,PROB,41.83267,-71.46914,Northern Appalachians,RI,N,-0.175992567,-0.525228581,2.546539827,0.237303768
1004447,ILR9-0904,2014,1,8/22/2014,PROB,40.47669,-91.36704,Temperate Plains,IL,Y,-0.379107169,-2.601077539,3.234886364,-0.133712661
1004448,IDS9-0928,2014,1,8/19/2014,PROB,48.7957,-116.7499,Western Mountains,ID,Y,-0.070116836,-1.407269743,0.128790909,0.011589665
1004449,IDLS-1086,2014,1,8/20/2014,PROB,48.83478,-116.9529,Western Mountains,ID,Y,-0.311822959,0.042107919,0.848518182,-0.104502114
1004450,IDLS-1077,2014,1,8/23/2014,PROB,46.69657,-115.1734,Western Mountains,ID,Y,-0.131035128,-0.330830074,0.060609091,0.035429738
1004451,IDLS-1065,2014,1,8/23/2014,PROB,46.8368,-115.4679,Western Mountains,ID,Y,-0.014655191,0.093670623,0.75,0.220405286
1004452,IDSS-1132,2014,1,8/24/2014,PROB,45.78759,-115.9991,Western Mountains,ID,Y,-0.588839621,-1.809670107,0.333336364,-0.063783383
1004453,MTRF-0004,2014,1,8/21/2014,HAND,45.49109,-110.5988,Western Mountains,MT,Y,-0.561385741,0.60957332,0.7273,-0.271646218
1004454,MTRF-0108,2014,1,8/22/2014,HAND,45.79307,-113.353,Western Mountains,MT,Y,-1.160579093,-0.232086229,0.666677273,-0.622677188
1004455,INSS-1090,2014,1,8/26/2014,PROB,38.08905,-87.93263,Temperate Plains,IN,Y,-0.659375643,-1.51267671,1.469759091,0.013507506
1004456,WYR9-0909,2014,1,8/25/2014,PROB,43.96561,-106.1714,Northern Plains,WY,Y,-2,-1.300408787,1.5,-1.774220952
1004457,UTRO-1032,2014,1,8/25/2014,PROB,37.68596,-112.3997,Western Mountains,UT,Y,-0.29827506,-1.928279736,1.636431818,-0.191819729
1004458,MALS-1038,2014,1,8/26/2014,PROB,42.68029,-71.1452,Northern Appalachians,MA,Y,-0.738196627,-1.578181948,3.287968182,0.103881433
1004459,MOR9-0901,2014,1,8/26/2014,PROB,36.53474,-89.46723,Coastal Plains,KY,Y,-1.106894235,-2.934628236,0.910549784,-0.188760227
1004460,MTSS-1302,2014,1,8/26/2014,PROB,48.78631,-115.995,Western Mountains,MT,Y,-0.096416777,-0.822942594,0.363654545,0.145351817
1004461,TXSS-1240,2014,1,8/26/2014,PROB,33.18628,-96.64565,Southern Plains,TX,Y,-0.976934698,0.553715289,2.212140909,0.007728386
1004462,WIR9-0901,2014,2,8/25/2014,PROB,44.68674,-92.69129,Upper Midwest,WI,N,-0.624752178,-1.005155207,2.015172727,-0.073026498
1004463,MES9-0910,2014,2,8/25/2014,PROB,46.97556,-69.37838,Northern Appalachians,ME,N,0.358886204,-0.380580234,1.001493074,0.193756851
1004464,ORRO-1067,2014,1,8/26/2014,PROB,45.73934,-119.1984,Xeric,OR,Y,-0.911863911,,4.81687,-0.846185136
1004465,MAS9-0915,2014,2,8/25/2014,PROB,42.45575,-72.88497,Northern Appalachians,MA,N,-0.406915415,-0.054553967,2.280381818,-0.083665708
1004466,WAS9-0924,2014,1,8/26/2014,PROB,48.385,-120.2964,Western Mountains,WA,Y,-0.41453927,-1.243356846,0.33335,0.203440867
1004467,WYRO-1039,2014,1,8/26/2014,PROB,44.73966,-108.6072,Xeric,WY,Y,-0.624752178,1.766765351,2.022818182,-0.22366209
1004468,SDRM-1012,2014,1,8/26/2014,PROB,44.23327,-98.12316,Temperate Plains,SD,Y,-1.485090181,-2.54644054,2.522790909,-1.516347885
1004469,DERO-1004,2014,1,8/26/2014,PROB,39.76042,-75.55672,Southern Appalachians,DE,Y,-0.303206915,-0.525301605,2.75841,0.031913165
1004470,CTRO-1021,2014,1,8/27/2014,PROB,41.56664,-72.04506,Northern Appalachians,CT,Y,-0.892173573,0.034900538,4.727368182,-0.02813402
1004471,MASS-1079,2014,1,8/27/2014,PROB,42.22152,-71.83663,Northern Appalachians,MA,Y,-1.485090181,-0.305217988,6.757677273,-0.183457421
1004472,MORM-1001,2014,1,8/27/2014,PROB,36.45933,-89.46806,Coastal Plains,MO,Y,-0.907853776,-2.420246847,0.7879,-0.019273751
1004473,WIR9-0906,2014,1,8/27/2014,PROB,43.82745,-91.27193,Upper Midwest,WI,Y,-0.848268086,-1.408903583,2.712177273,-0.132371831
1004474,WIRO-1054,2014,1,8/26/2014,PROB,44.15671,-91.78694,Upper Midwest,WI,Y,-0.848268086,-1.832301859,1.507604545,-0.078904965
1004475,IDLS-1082,2014,1,8/27/2014,PROB,44.10553,-115.9951,Western Mountains,ID,Y,-0.795880017,-1.209603327,4.727372727,-0.268887616
1004476,WYLS-1106,2014,1,8/27/2014,PROB,44.56465,-108.9934,Xeric,WY,Y,-0.422299355,-0.555381258,1.083340909,-0.062071988
1004477,ILRO-1023,2014,1,8/27/2014,PROB,42.2585,-90.28275,Upper Midwest,IL,Y,-0.257132103,-2.843922771,2.371268182,-0.12771126
1004478,PAS9-0921,2014,1,8/27/2014,PROB,41.44305,-75.66055,Southern Appalachians,PA,Y,-0.463326801,-0.162214729,3.250068182,-0.226147093
1004479,MER9-0902,2014,2,8/26/2014,PROB,47.15428,-68.94424,Northern Appalachians,ME,N,-0.053056729,0.736819236,1.0765329,0.13858974
1004480,UTR9-0902,2014,1,8/27/2014,PROB,41.59255,-111.1415,Xeric,UT,Y,-0.877039828,-0.827298962,1.409090909,-1.047956452
1004481,TNS9-0919,2014,2,8/20/2014,PROB,35.39696,-84.27656,Southern Appalachians,TN,N,-0.46620484,-0.736343723,0.060609091,0.204982779
1004482,MTSS-1297,2014,1,8/27/2014,PROB,48.60301,-113.8529,Western Mountains,MT,Y,0.137152629,-2.649844282,0,-0.062641704
1004483,INS9-0919,2014,1,8/27/2014,PROB,38.35095,-86.61832,Southern Appalachians,IN,Y,-0.368371778,0.348987372,1.075804545,0.19217449
1004484,PAR9-0904,2014,1,8/28/2014,PROB,40.4918,-76.94813,Southern Appalachians,PA,Y,-0.515053408,0.707186637,1.66317539,0.077037392
1004485,WYR9-0903,2014,2,8/28/2014,PROB,44.47897,-109.383,Xeric,WY,N,-0.958607315,0.865583621,0.772763636,-0.170111712
1004486,WAR9-0910,2014,1,8/27/2014,PROB,48.25251,-120.1167,Xeric,WA,Y,-0.821284597,0.326059336,2.113695455,-0.16287089
1004487,MOS9-0938,2014,1,8/28/2014,PROB,39.44147,-91.52662,Temperate Plains,MO,Y,-0.515053408,0.057630113,0.469713636,0.004832971
1004488,MTSS-1321,2014,1,8/28/2014,PROB,45.64859,-114.3548,Western Mountains,MT,Y,-0.033431652,-0.893842312,0.33335,0.11386742
1004489,MAR9-0901,2014,2,8/28/2014,PROB,41.96179,-70.91978,Northern Appalachians,MA,N,-0.616511048,-1.106849333,1.934406061,0.102714288
1004490,MASS-1072,2014,1,8/28/2014,PROB,42.14235,-70.89255,Northern Appalachians,MA,Y,-1.037071311,0.043247352,2.515277273,0.174046585
1004491,TXRM-1018,2014,1,8/28/2014,PROB,30.46533,-96.33373,Coastal Plains,TX,Y,-1.059121453,-1.05339111,0.204545455,-0.146661361
1004492,VAS9-0916,2014,2,8/28/2014,PROB,36.61352,-80.71126,Southern Appalachians,VA,N,-0.438248312,-0.916416859,0.886363636,0.098407718
1004493,WIR9-0911,2014,1,8/28/2014,PROB,42.65018,-90.03286,Upper Midwest,WI,Y,-0.771879741,-2.588298517,0.621213636,-0.173777904
1004494,ILRO-1028,2014,1,8/28/2014,PROB,40.48718,-90.3647,Temperate Plains,IL,Y,-0.573784579,-0.349417599,0.85176039,0.266049865
1004495,MASS-1077,2014,1,8/29/2014,PROB,42.07701,-72.00175,Northern Appalachians,MA,Y,-0.534887652,-0.286553796,3.181890909,0.196904383
1004497,MTSS-1319,2014,1,8/28/2014,PROB,47.25983,-110.846,Northern Plains,MT,Y,-0.232844134,-2.080184426,1.431818182,-0.949725729
1004498,WYRM-1010,2014,1,8/29/2014,PROB,43.68901,-108.1791,Xeric,WY,Y,-0.727525465,0.358210962,0.818209091,-0.502316586
1004499,PARF-0005,2014,1,8/28/2014,HAND,40.08966,-79.73079,Southern Appalachians,PA,Y,-0.659375643,0.872450648,1.124140693,0.041302946
1004500,MESS-1107,2014,1,8/28/2014,PROB,46.12282,-69.80556,Northern Appalachians,ME,Y,-0.027082204,0.178758918,0.969745455,0.183851965
1004501,MESS-1109,2014,1,8/29/2014,PROB,45.47867,-68.21031,Northern Appalachians,ME,Y,-2,-0.080464678,0,-2
1004502,RIRO-1001,2014,1,9/2/2014,PROB,41.39469,-71.84151,Northern Appalachians,RI,Y,-0.638272164,,3.772859091,0.149918572
1004504,MELS-1050,2014,1,9/2/2014,PROB,44.67095,-68.67701,Northern Appalachians,ME,Y,-0.701996459,-2.444047124,0.70002,0.141057634
1004505,MER9-0906,2014,1,9/1/2014,PROB,45.25733,-68.94966,Northern Appalachians,ME,Y,-1.016086822,-1.484005422,0.409104545,-0.073026498
1004506,WIRO-1048,2014,1,9/2/2014,PROB,42.68352,-89.85334,Upper Midwest,WI,Y,-0.562826189,-2.564004969,1.219727273,-0.479397385
1004507,CARM-1002,2014,1,9/2/2014,PROB,36.90882,-119.7762,Xeric,CA,Y,-0.633152719,0.827962397,0.772763636,-0.181204461
1004508,KSRS-1308,2014,1,9/2/2014,PROB,38.01453,-96.02915,Temperate Plains,KS,Y,-0.808396576,-0.506990433,0.901531818,-0.030774758
1004509,WVR9-0903,2014,1,9/2/2014,PROB,39.91877,-80.79683,Southern Appalachians,WV,Y,-0.92412139,-0.474517497,2.348572727,-0.213055085
1004511,INS9-0924,2014,1,9/3/2014,PROB,40.01112,-86.89988,Temperate Plains,IN,Y,-0.529127694,-2.396115122,1.697054545,0.247471095
1004512,DELS-1032,2014,1,9/3/2014,PROB,39.0475,-75.7315,Coastal Plains,DE,Y,-0.312227896,-1.326322458,0,0.094455247
1004513,MDR9-0901,2014,2,9/2/2014,PROB,39.06637,-77.38957,Southern Appalachians,MD,N,-0.46620484,1.44444475,0.560618182,0.221592045
1004514,RISS-1093,2014,1,9/3/2014,PROB,41.79948,-71.6503,Northern Appalachians,RI,Y,0.122079286,-0.371681612,0.069445833,0.263636069
1004515,MTRO-1074,2014,1,9/3/2014,PROB,45.86417,-111.2129,Western Mountains,MT,Y,-0.541705603,0.395383827,1.712159091,-0.287618181
1004516,WIR9-0912,2014,1,9/3/2014,PROB,42.89687,-88.89542,Temperate Plains,WI,Y,-0.250052981,-2.334763755,3.18185,0.13858974
1004517,AZSS-1125,2014,1,9/3/2014,PROB,36.82973,-110.367,Xeric,AZ,Y,0.022503353,-4.075278758,0,-0.24917615
1004518,GARM-1003,2014,1,9/3/2014,PROB,33.51301,-84.82877,Southern Appalachians,GA,Y,-0.304200043,1.027805464,0.416672727,0.133901637
1004519,KSS9-0930,2014,1,9/3/2014,PROB,37.78662,-96.42997,Temperate Plains,KS,Y,-0.760359317,-0.728996872,0.984890909,-0.30819542
1004520,ORSS-1172,2014,1,9/3/2014,PROB,42.15886,-123.4142,Western Mountains,OR,Y,-0.399423087,-1.155456257,0.727309091,-0.145280016
1004521,CTRM-1002,2014,1,9/3/2014,PROB,41.65626,-72.62597,Northern Appalachians,CT,Y,-1.190134333,-0.970263893,3.575840909,-0.095801018
1004522,CTRM-1003,2014,1,9/3/2014,PROB,41.9521,-72.60858,Northern Appalachians,CT,Y,-0.451443083,0.401230552,4.329134416,-0.007566991
1004523,TXLS-1133,2014,1,9/3/2014,PROB,30.57732,-99.86389,Southern Plains,TX,Y,-1.106894235,-0.787591638,0.378795455,-0.500750431
1004524,VAS9-0915,2014,2,9/3/2014,PROB,38.39533,-77.95542,Southern Appalachians,VA,N,-0.389630237,-0.85710718,0.136363636,-0.014655191
1004525,VAS9-0920,2014,1,9/2/2014,PROB,38.16237,-77.02402,Coastal Plains,VA,Y,-0.373006768,-1.740952612,0.045454545,0.004809729
1004526,INS9-0921,2014,1,9/4/2014,PROB,39.77824,-86.44708,Temperate Plains,IN,Y,-0.624752178,-0.894345892,2.507686364,0.183851965
1004527,COSS-1104,2014,1,9/3/2014,PROB,37.59905,-107.2586,Western Mountains,CO,Y,-0.783714109,-0.489475333,0,-0.419697223
1004528,WASS-1134,2014,1,9/3/2014,PROB,46.52077,-121.2404,Western Mountains,WA,Y,-0.175992567,-1.43936169,0,-0.041501273
1004529,WVSS-1044,2014,1,9/3/2014,PROB,38.35937,-79.8733,Southern Appalachians,WV,Y,-0.641718964,-0.190880728,0.6667,-0.383619977
1004530,MDSS-1092,2014,1,9/4/2014,PROB,39.50627,-76.87,Southern Appalachians,MD,Y,-0.449215928,-0.190143292,1.015186364,0.10504545
1004531,COR9-0909,2014,1,9/4/2014,PROB,39.91226,-104.8821,Southern Plains,CO,Y,-1.485090181,-0.678161127,3.444004545,-0.401906196
1004532,GARO-1033,2014,1,9/4/2014,PROB,34.12189,-84.81018,Southern Appalachians,GA,Y,-0.214670165,1.260138948,1.219718182,0.082377314
1004533,ORS9-0935,2014,1,9/4/2014,PROB,42.07215,-124.0083,Western Mountains,OR,Y,-0.26071541,,1.212181818,0.177339705
1004534,TXR9-0912,2014,1,9/4/2014,PROB,28.95042,-100.6494,Southern Plains,TX,Y,-0.489942687,0.66489635,0.166672727,-1.719173392
1004535,VARS11-153,2014,1,9/4/2014,PROB,39.0741,-78.4385,Southern Appalachians,VA,Y,-0.37769176,-0.008836274,1.143959091,0.188033163
1004536,WIRM-1006,2014,1,9/4/2014,PROB,42.59972,-89.04609,Temperate Plains,WI,Y,-0.359247609,0.204755232,1.681836364,0.051503326
1004537,MTSS-1330,2014,1,9/4/2014,PROB,48.18282,-104.6439,Northern Plains,MT,Y,-0.996069706,-3.107403691,1.6894,-1.119706209
1004538,MARO-1019,2014,1,9/5/2014,PROB,42.17896,-72.36888,Northern Appalachians,MA,Y,-0.562826189,-1.768179507,4.727739177,0.051064777
1004539,COLS-1070,2014,1,9/5/2014,PROB,39.9146,-105.5279,Western Mountains,CO,Y,-0.164309429,-0.21612952,0.848513636,-0.286662216
1004540,WIRF-0004,2014,1,9/5/2014,HAND,43.3867,-89.7986,Upper Midwest,WI,Y,-0.143216202,-0.138620593,0.45455,0.007243303
1004541,MAR9-0902,2014,2,9/7/2014,PROB,42.70064,-71.21798,Northern Appalachians,MA,N,-1.106894235,-2.34379814,3.2804,0.124000042
1004542,MERM-1001,2014,1,9/4/2014,PROB,45.89867,-68.61411,Northern Appalachians,ME,Y,-0.827874927,-0.130334228,0.939440909,0.069112851
1004543,MERM-1003,2014,1,9/5/2014,PROB,44.64017,-69.59274,Northern Appalachians,ME,Y,-0.83456681,-0.76369042,1.597033755,-0.02813402
1004544,MER9-0903,2014,1,9/4/2014,PROB,45.87867,-68.62034,Northern Appalachians,ME,Y,-0.953256598,0.449686417,0.909136364,0.013507506
1004545,ILR9-0906,2014,1,9/5/2014,PROB,41.15196,-87.91418,Temperate Plains,IL,Y,-0.616511048,1.710238274,1.916695455,0.134626186
1004546,INLS-1048,2014,1,9/8/2014,PROB,40.06568,-86.27057,Temperate Plains,IN,Y,-0.443697499,0.138622502,0.697004545,0.221295659
1004547,MERM-1005,2014,1,9/7/2014,PROB,45.30186,-69.98618,Northern Appalachians,ME,Y,-0.096416777,0.375067609,0.727290909,0.088055507
1004548,CTLS-1047,2014,1,9/4/2014,PROB,41.39519,-72.34804,Northern Appalachians,CT,Y,-0.486903525,0.234757472,1.704618182,0.01446326
1004549,IDRO-1058,2014,1,9/3/2014,PROB,44.87894,-114.7346,Western Mountains,ID,Y,-0.55923399,0.397226082,0,-0.877039828
1004550,IDR9-0907,2014,1,9/2/2014,PROB,44.83915,-114.7852,Western Mountains,ID,Y,-0.958607315,0.918671158,0,-0.732828272
1004551,WYR9-0910,2014,1,9/8/2014,PROB,42.82884,-106.3668,Northern Plains,WY,Y,-0.668480681,0.126607391,1.945812919,-0.23793557
1004552,WYRM-1006,2014,1,9/8/2014,PROB,42.82674,-106.4147,Northern Plains,WY,Y,-1.016086822,0.251409265,4.204663636,-0.136406804
1004553,ORLS-1109,2014,1,9/8/2014,PROB,45.74761,-123.4891,Western Mountains,OR,Y,-0.392057827,0.009900472,1.222283333,0.118650447
1004554,MSRM-1004,2014,1,9/8/2014,PROB,30.86744,-88.92198,Coastal Plains,MS,Y,-0.837272704,-1.228710734,0.166668182,0.208050276
1004555,WIR9-0909,2014,1,9/8/2014,PROB,46.41642,-90.74116,Upper Midwest,WI,Y,-0.502316586,-1.751507696,0.128790909,-0.017728767
1004556,UTRM-1006,2014,1,9/8/2014,PROB,39.20959,-110.0732,Xeric,UT,Y,-0.668480681,-1.606151501,0,-0.197226275
1004557,TXSS-1243,2014,1,9/8/2014,PROB,32.75744,-94.84784,Coastal Plains,TX,Y,-0.538283248,-0.457496726,0.136363636,0.135710747
1004558,MDSS-1095,2014,1,9/9/2014,PROB,38.78665,-76.68475,Coastal Plains,MD,Y,-0.417110589,-0.900523316,1.659168182,0.072049269
1004559,OKRF-0008,2014,1,9/8/2014,HAND,34.73312,-97.21169,Southern Plains,OK,Y,-0.976934698,-1.518110517,0.871231818,-0.189523085
1004560,ILR9-0901,2014,2,9/9/2014,PROB,39.20865,-90.59292,Temperate Plains,IL,N,-0.457627316,2.925209004,0.4697,0.281033367
1004561,INLS-1045,2014,1,9/9/2014,PROB,39.67185,-85.0023,Temperate Plains,IN,Y,-0.486903525,-0.638670548,0.886404545,0.034974646
1004562,MSRF-0004,2014,1,9/9/2014,HAND,31.33343,-90.9113,Coastal Plains,MS,Y,-0.633152719,-1.464662039,0.151518182,-0.100751707
1004563,NJSS-1086,2014,1,9/9/2014,PROB,41.15246,-74.34997,Northern Appalachians,NJ,Y,-0.396954096,-1.555675737,4.075827273,0.011589665
1004564,WIR9-0902,2014,1,9/9/2014,PROB,44.0067,-90.05381,Upper Midwest,WI,Y,-0.318347694,-1.158775279,0.143940909,0.103881433
1004566,WALS-1067,2014,1,9/8/2014,PROB,46.8552,-122.1765,Western Mountains,WA,Y,-0.352528117,0.37916578,0.363654545,0.262289251
1004567,WYRM-1008,2014,1,9/9/2014,PROB,42.64929,-105.2998,Northern Plains,WY,Y,-1.160579093,0.453962505,1.371254545,-0.101998248
1004568,DESS-1096,2014,1,9/9/2014,PROB,39.74564,-75.513,Coastal Plains,DE,Y,-0.744727495,,1.46671,-0.336063621
1004569,MDS9-0916,2014,1,9/10/2014,PROB,38.90393,-77.05623,Coastal Plains,MD,Y,-0.587310414,,4.7652,-0.239646066
1004570,IDS9-0926,2014,1,9/9/2014,PROB,43.31273,-114.1156,Xeric,ID,Y,-1.550030994,-3.885423724,2.000090693,-1.774220952
1004571,NYR9-0916,2014,1,9/9/2014,PROB,42.05576,-73.93195,Northern Appalachians,NY,Y,-0.604435354,0.297055839,2.383395,-0.038578906
1004572,WIR9-0916,2014,1,9/10/2014,PROB,43.66727,-91.25875,Upper Midwest,WI,Y,-0.771879741,-1.268289134,0.863659091,-0.046965543
1004574,MSRO-1021,2014,1,9/10/2014,PROB,33.60188,-88.84011,Coastal Plains,MS,Y,-0.588839621,-1.324511426,0.446981818,-0.056977898
1004575,VARS11-151,2014,1,9/10/2014,PROB,36.837,-78.8444,Southern Appalachians,VA,Y,-1.333822512,-1.28567552,0.560613636,0.034974646
1004576,MDRO-1013,2014,1,9/11/2014,PROB,39.2683,-76.79423,Southern Appalachians,MD,Y,-0.380053345,-1.258011905,2.750077273,-0.013635481
1004577,MTRM-1002,2014,1,9/11/2014,PROB,45.73636,-107.575,Northern Plains,MT,Y,-0.600483603,0.768223069,1.318222727,-0.251811973
1004578,MTS9-0936,2014,1,9/10/2014,PROB,45.34771,-109.1694,Northern Plains,MT,Y,-0.027082204,0.097700362,0.924277273,0.003832468
1004579,MTSS-1331,2014,1,9/10/2014,PROB,46.07445,-114.0615,Western Mountains,MT,Y,-0.100129776,-0.972663122,1.90774329,-0.511834012
1004580,NYR9-0907,2014,1,9/11/2014,PROB,42.47413,-73.78702,Northern Appalachians,NY,Y,-1.016086822,-0.468888772,2.97333658,-0.108285191
1004581,NYRM-1008,2014,1,9/10/2014,PROB,42.17815,-73.8706,Northern Appalachians,NY,Y,-0.760359317,,2.939490909,-0.296317894
1004582,VARS11-152,2014,1,9/11/2014,PROB,36.6512,-79.3799,Southern Appalachians,VA,Y,-0.697000411,-0.805576513,1.0985,0.009663317
1004583,WAR9-0902,2014,1,9/10/2014,PROB,45.69861,-120.4175,Xeric,WA,Y,-0.139117765,0.707116047,2.916704545,-1.3130389
1004585,WVSS-1046,2014,1,9/10/2014,PROB,38.34361,-80.68207,Southern Appalachians,WV,Y,-0.011603214,-1.082019081,0,0.093262457
1004586,PALS-1092,2014,1,9/11/2014,PROB,41.40645,-80.39264,Northern Appalachians,PA,Y,-0.687284247,0.241729453,0.886395455,0.069533557
1004587,TNSS-1080,2014,1,9/11/2014,PROB,35.11606,-88.03373,Coastal Plains,TN,Y,-0.54515514,-0.873431343,0.750013636,-0.235382391
1004588,WIR9-0903,2014,1,9/11/2014,PROB,42.53137,-90.64118,Upper Midwest,WI,Y,-0.581246868,-1.156992867,3.469763636,-0.11018916
1004589,NDRM-1005,2014,1,9/11/2014,PROB,46.5037,-102.753,Northern Plains,ND,Y,-0.02813402,-1.542096203,1.5,-0.534887652
1004590,TNR9-0904,2014,1,9/12/2014,PROB,35.67241,-87.26333,Southern Appalachians,TN,Y,-0.808396576,0.148775373,0.310618182,-0.043133347
1004591,TNSS-1082,2014,1,9/14/2014,PROB,35.81328,-83.10316,Southern Appalachians,TN,Y,-0.080684134,-1.824228163,1.947,-0.92412139
1004592,NYRM-1004,2014,1,9/12/2014,PROB,42.69165,-73.70884,Northern Appalachians,NY,Y,-0.37068309,0.521292471,3.090968182,0.056731653
1004593,VARS11-181,2014,1,9/12/2014,PROB,37.0034,-78.7594,Southern Appalachians,VA,Y,-0.668480681,-1.072492928,0.204545455,0.177339705
1004594,INSS-1092,2014,1,9/15/2014,PROB,40.39311,-85.50298,Temperate Plains,IN,Y,-0.168653858,-0.75592504,0.6667,0.262558949
1004595,KSS9-0930,2014,2,9/15/2014,PROB,37.78662,-96.42997,Temperate Plains,KS,N,-0.783714109,-1.131802065,1.030340909,-0.324554962
1004596,NESS-1143,2014,1,9/15/2014,PROB,40.0228,-96.23836,Temperate Plains,NE,Y,-0.706938935,-1.508182999,0.462140909,-0.184965913
1004597,OKR9-0903,2014,1,9/15/2014,PROB,33.86362,-97.00595,Southern Plains,OK,Y,-1.293204657,1.834798572,0.409090909,-0.099508734
1004598,PARO-1054,2014,1,9/15/2014,PROB,41.35975,-76.88407,Northern Appalachians,PA,Y,-0.548632296,0.701704387,1.083359091,0.015892959
1004599,WIRF-0015,2014,1,9/15/2014,HAND,46.34372,-90.51739,Upper Midwest,WI,Y,-0.194128583,-1.522570306,0.098486364,-0.04041662
1004600,IDR9-0909,2014,1,9/13/2014,PROB,45.38528,-115.5333,Western Mountains,ID,Y,-0.650457577,-0.180447255,0,-0.766081332
1004601,IDRM-1007,2014,1,9/10/2014,PROB,45.39317,-114.8096,Western Mountains,ID,Y,-0.672641066,0.778513157,0.068181818,-0.350311193
1004602,TNR9-0901,2014,2,9/15/2014,PROB,36.60637,-85.50504,Southern Appalachians,TN,N,-0.771879741,-3.272243159,0.603204762,0.10241737
1004603,ILSS-1122,2014,1,9/16/2014,PROB,37.40822,-89.08727,Southern Appalachians,IL,Y,-0.548632296,-2.431411957,1.956045238,-0.226147093
1004604,PAR9-0907,2014,1,9/16/2014,PROB,41.28871,-77.34123,Northern Appalachians,PA,Y,-0.869666232,1.186679847,0.42709375,0.027222155
1004605,VARF-0002,2014,1,9/16/2014,HAND,36.93358,-77.20509,Coastal Plains,VA,Y,-0.541705603,-1.614094309,0.500009091,0.144291095
1004606,GAR9-0907,2014,1,9/16/2014,PROB,31.15899,-85.07891,Coastal Plains,GA,Y,-0.37068309,-1.025711027,0.436165584,0.136792608
1004607,MTRO-1071,2014,1,9/16/2014,PROB,45.60843,-113.462,Western Mountains,MT,Y,-0.771879741,-0.130985381,1.515152273,-1.182554835
1004608,MTS9-0939,2014,1,9/15/2014,PROB,44.69396,-111.0907,Western Mountains,MT,Y,-0.717110229,1.183402161,0,-1.274236821
1004609,MTSS-1328,2014,1,9/16/2014,PROB,47.06133,-110.2411,Northern Plains,MT,Y,-0.269805204,-2.842345935,1.6894,-0.657128899
1004610,MELS-1051,2014,1,9/16/2014,PROB,46.02431,-68.60342,Northern Appalachians,ME,Y,-1.363177906,0.288841797,0,-0.096570853
1004611,MESS-1106,2014,1,9/16/2014,PROB,46.03282,-68.60542,Northern Appalachians,ME,Y,-0.570100974,-0.219761404,0,0.159594534
1004612,NDR9-0912,2014,1,9/16/2014,PROB,46.05455,-102.0751,Northern Plains,ND,Y,-0.941022138,-0.744105123,0.697004545,-0.666186464
1004613,TNRO-1017,2014,1,9/16/2014,PROB,36.21187,-82.97925,Southern Appalachians,TN,Y,-0.634852504,-1.016923795,1.280331818,0.011589665
1004614,INSS-1093,2014,1,9/16/2014,PROB,40.99117,-86.2953,Upper Midwest,IN,Y,-0.422299355,-2.932108009,1.000018182,-1.516347885
1004615,NJSS-1088,2014,1,9/17/2014,PROB,40.46545,-74.55524,Southern Appalachians,NJ,Y,-0.343727523,-0.431612096,1.458892641,0.046211288
1004616,SDR9-0910,2014,1,9/16/2014,PROB,43.81009,-100.8971,Northern Plains,SD,Y,-1.837272689,-1.256441082,0.863677273,-0.763210901
1004617,MESS-1111,2014,1,9/17/2014,PROB,45.82505,-69.60822,Northern Appalachians,ME,Y,-0.422821657,-0.842470835,0.6667,-0.093958964
1004618,CARO-1048,2014,1,9/16/2014,PROB,37.41202,-118.4503,Xeric,CA,Y,-0.821284597,0.715756677,0.454559091,-0.217104103
1004621,ILLS-1075,2014,1,9/17/2014,PROB,37.5323,-88.33421,Southern Appalachians,IL,Y,-0.387216143,1.100303569,1.053059091,0.175366831
1004622,MERF-0006,2014,1,9/17/2014,HAND,46.12652,-68.79654,Northern Appalachians,ME,Y,-0.608423395,0.74669199,0.098486364,0.182881329
1004623,MOR9-0902,2014,1,9/17/2014,PROB,36.6087,-89.30583,Coastal Plains,KY,Y,-0.635989402,-2.850947279,1.162366234,0.049746469
1004624,MTLS-1141,2014,1,9/17/2014,PROB,47.57668,-113.8351,Western Mountains,MT,Y,-0.085464528,-1.362595409,0,-0.04751577
1004625,VARF-0007,2014,1,9/17/2014,HAND,38.34204,-77.58924,Southern Appalachians,VA,Y,-0.486903525,0.20047445,0.583336364,0.237017916
1004626,VARS11-169,2014,1,9/17/2014,PROB,36.94,-77.208,Coastal Plains,VA,Y,-0.502316586,-1.073830177,0.128790909,0.009663317
1004627,WVR9-0905,2014,1,9/16/2014,PROB,38.35711,-82.22415,Southern Appalachians,WV,Y,-0.541705603,-1.356532467,2.689459091,-0.006063026
1004628,IDS9-0921,2014,2,9/16/2014,PROB,42.17904,-114.222,Xeric,ID,N,-0.562826189,-1.498128506,0.3485,-0.699463802
1004629,IDSS-1147,2014,1,9/17/2014,PROB,44.59477,-111.4556,Western Mountains,ID,Y,-0.706938935,-1.085533865,0.6667,-0.474955193
1004630,GAR9-0905,2014,2,9/17/2014,PROB,32.14304,-83.38112,Coastal Plains,GA,N,-0.335101728,-0.999244235,0,0.170395078
1004631,MORM-1005,2014,1,9/18/2014,PROB,36.98902,-89.19422,Coastal Plains,MO,Y,-0.697000411,-3.091241943,0.848504545,0.026280275
1004632,SDRM-1016,2014,1,9/17/2014,PROB,43.69232,-99.85244,Northern Plains,SD,Y,-2,-0.871822832,0.33335,-0.751915218
1004633,VARF-0008,2014,1,9/18/2014,HAND,37.91506,-77.30011,Coastal Plains,VA,Y,-0.489942687,-0.704079898,0.068181818,0.125481266
1004634,ILLS-1076,2014,1,9/18/2014,PROB,39.92575,-90.78567,Temperate Plains,IL,Y,-0.477911599,-0.398974854,0.96215,0.120274727
1004635,MERM-1006,2014,1,9/18/2014,PROB,45.20825,-68.63326,Northern Appalachians,ME,Y,-0.521564691,2.391699483,1.104308658,0.084819921
1004636,MERO-1028,2014,1,9/18/2014,PROB,44.97088,-68.65281,Northern Appalachians,ME,Y,-0.624752178,1.490783419,1.356122727,0.069953856
1004637,CARO-1060,2014,1,9/18/2014,PROB,40.0255,-120.9644,Western Mountains,CA,Y,-0.592686366,-0.122062798,0.515177273,-0.137082959
1004638,NDRO-1029,2014,1,9/18/2014,PROB,46.66263,-102.0795,Northern Plains,ND,Y,-0.996069706,-1.01369874,1.560609091,-1.333822512
1004639,PALS-1085,2014,1,9/18/2014,PROB,40.59318,-76.02772,Southern Appalachians,PA,Y,-0.170964393,-0.008676247,1.375033333,0.123443278
1004640,WIRO-1055,2014,1,9/18/2014,PROB,44.14667,-90.94837,Upper Midwest,WI,Y,-0.771879741,-1.386466895,0.553045455,-0.045319031
1004643,MERM-1002,2014,1,9/19/2014,PROB,44.82133,-68.70376,Northern Appalachians,ME,Y,-0.26432853,1.698091858,3.08345,-0.171574477
1004644,UTLS-1061,2014,1,9/19/2014,PROB,40.05732,-111.4551,Western Mountains,UT,Y,-0.354756416,-0.597243954,1.984872727,-0.079497211
1004645,MOR9-0903,2014,2,9/19/2014,PROB,38.96337,-90.41565,Temperate Plains,MO,N,-0.496085569,-2.969424638,1.212154545,-0.074781698
1004646,ILR9-0905,2014,1,9/19/2014,PROB,40.78506,-90.13891,Temperate Plains,IL,Y,-0.808396576,0.129093649,0.825763636,-0.01211039
1004647,MER9-0904,2014,1,9/21/2014,PROB,44.73738,-67.54984,Northern Appalachians,ME,Y,-1.550030994,-3.085532185,0,-0.323514237
1004648,MER9-0907,2014,1,9/22/2014,PROB,44.42155,-69.7056,Northern Appalachians,ME,Y,-0.54515514,0.087048788,1.053077273,-0.179708955
1004649,MER9-0908,2014,1,9/22/2014,PROB,44.50109,-69.67614,Northern Appalachians,ME,Y,-0.411983086,0.491579294,1.363704545,0.04085397
1004650,PAS9-0914,2014,2,9/22/2014,PROB,41.7208,-75.41279,Northern Appalachians,PA,N,-0.009580414,-1.812160084,0.697004545,-0.124412638
1004652,UTLS-1062,2014,1,9/22/2014,PROB,37.20656,-112.9787,Xeric,UT,Y,-0.093958964,-0.987281929,1.469759091,-0.123755909
1004653,MORM-1002,2014,1,9/16/2014,PROB,37.19893,-89.46155,Temperate Plains,MO,Y,-0.189523085,-3.150339326,1.272777273,0.060182561
1004654,WVR9-0903,2014,2,9/17/2014,PROB,39.91877,-80.79683,Southern Appalachians,WV,N,-0.92412139,-1.311876225,3.136422727,-0.279089322
1004655,MERF-0001,2014,1,9/23/2014,HAND,44.89712,-70.3965,Northern Appalachians,ME,Y,-0.197226275,-0.170875346,0.507581818,0.01446326
1004657,NDRO-1026,2014,1,9/23/2014,PROB,45.9555,-103.9574,Northern Plains,ND,Y,-1.037071311,0.79039767,0.6667,-2
1004658,OKR9-0904,2014,1,9/22/2014,PROB,35.39936,-95.79265,Southern Plains,OK,Y,-0.821284597,-0.807388341,0,0.202203383
1004659,WIRO-1058,2014,1,9/23/2014,PROB,46.08312,-92.11569,Upper Midwest,WI,Y,-0.446447948,-1.479126416,0.416681818,0.138948276
1004660,WVRO-1008,2014,1,9/23/2014,PROB,38.91071,-81.07566,Southern Appalachians,WV,Y,-0.41453927,-1.4298319,0.575781818,0.054995862
1004661,WILS-1086,2014,1,9/23/2014,PROB,46.48088,-90.55855,Upper Midwest,WI,Y,-0.300241086,-1.808286876,0,0.024373703
1004662,IDSS-1148,2014,1,9/23/2014,PROB,45.51916,-115.9668,Western Mountains,ID,Y,-0.062071988,-0.674161009,0,-0.279089322
1004663,MDLS-1042,2014,1,9/24/2014,PROB,39.34567,-76.72794,Southern Appalachians,MD,Y,-0.463326801,0.16249945,2.954581818,-0.032366943
1004664,GALS-1060,2014,1,9/23/2014,PROB,33.96522,-85.11613,Southern Appalachians,GA,Y,-0.234534655,-0.377350879,0,0.118400018
1004665,MER9-0903,2014,2,9/24/2014,PROB,45.87867,-68.62034,Northern Appalachians,ME,N,-0.808396576,1.078348619,0.433355,-0.040958608
1004666,MTRO-1075,2014,1,9/24/2014,PROB,47.02261,-113.3007,Western Mountains,MT,Y,-0.197226275,0.412706661,1.863727273,-0.290498765
1004667,WIRO-1046,2014,1,9/24/2014,PROB,45.26686,-91.70865,Upper Midwest,WI,Y,-0.892173573,-0.147349427,0.8561,-0.007065091
1004669,OKRM-1022,2014,1,9/24/2014,PROB,36.95483,-96.93872,Temperate Plains,OK,Y,-0.860263987,-0.652113748,0.090909091,-0.189523085
1004670,VAR9-0901,2014,1,9/23/2014,PROB,36.9653,-82.0518,Southern Appalachians,VA,Y,-0.141845754,1.406208983,0.386363636,0.052379096
1004671,SDLS-1116,2014,1,9/24/2014,PROB,44.66904,-103.3561,Northern Plains,SD,Y,-0.808396576,-1.885390714,1.272768182,-1.088358228
1004672,AZLS-1083,2014,1,9/25/2014,PROB,33.87832,-109.2865,Western Mountains,AZ,Y,-0.697000411,-1.099951628,0.697004545,-1.903089987
1004673,ORR9-0913,2014,1,9/24/2014,PROB,42.46206,-121.4688,Western Mountains,OR,Y,-1.719173392,-0.190963035,2.590990909,-1.911058926
1004674,IDSS-1111,2014,1,9/24/2014,PROB,43.24322,-111.4883,Western Mountains,ID,Y,-0.541705603,-2.652276208,0.272736364,-0.366072702
1004675,ORRO-1054,2014,1,9/23/2014,PROB,42.46639,-121.4396,Western Mountains,OR,Y,-1.428608832,1.744220306,2.8713,-1.153494195
1004676,ORS9-0942,2014,1,9/25/2014,PROB,43.68773,-121.686,Western Mountains,OR,Y,-0.390168531,0.252127594,1.425988889,-0.085598071
1004678,WIR9-0902,2014,2,9/25/2014,PROB,44.0067,-90.05381,Upper Midwest,WI,N,-0.65489372,-0.85614895,0.113636364,0.092864131
1004679,MERF-0005,2014,1,9/25/2014,HAND,45.9039,-68.6409,Northern Appalachians,ME,Y,-0.158583644,-0.071099981,0.303045455,0.090867005
1004680,WARO-1038,2014,1,9/23/2014,PROB,46.31057,-120.3532,Xeric,WA,Y,-0.060934793,-1.961170477,0,-0.089084675
1004681,MDS9-0916,2014,2,9/29/2014,PROB,38.90393,-77.05623,Coastal Plains,MD,N,-0.548632296,,4.909548268,-0.181204461
1004682,INS9-0927,2014,2,9/29/2014,PROB,40.71213,-86.85061,Temperate Plains,IN,N,-0.650457577,-1.353661815,2.447045455,-0.352528117
1004683,RILS-1029,2014,2,9/29/2014,PROB,41.58105,-71.72228,Northern Appalachians,RI,N,-0.115307598,-0.975244728,0.477286364,0.258495789
1004684,WIR9-0917,2014,1,9/29/2014,PROB,45.36289,-89.72917,Upper Midwest,WI,Y,-0.508638306,0.360457797,1.598545455,0.1206487
1004685,ILSS-1169,2014,1,9/30/2014,HAND,39.47316,-88.36512,Temperate Plains,IL,Y,-0.524857311,-0.621337947,3.142938095,-1.047956452
1004686,INS9-0922,2014,1,9/30/2014,PROB,41.04921,-85.72037,Upper Midwest,IN,Y,-0.216652343,-0.255196871,1.009305556,0.129080909
1004687,WIR9-0918,2014,1,9/30/2014,PROB,44.74756,-91.91964,Upper Midwest,WI,Y,-0.677780705,-0.095434692,0.507581818,-0.027607794
1004688,FLLS-1064,2014,1,9/30/2014,PROB,29.87306,-85.12801,Coastal Plains,FL,Y,-0.688246139,-2.572317539,0,0.340444115
1004689,WIR9-0904,2014,1,10/1/2014,PROB,43.21793,-89.82451,Upper Midwest,WI,Y,-0.821284597,-1.2108052,0.121218182,0.061469615
1004692,MTLS-1149,2014,1,10/7/2014,PROB,48.23054,-114.295,Western Mountains,MT,Y,-0.266146425,-0.883872183,3.424354545,-0.011603214
1004693,MTLS-1155,2014,1,10/8/2014,PROB,48.00022,-109.0304,Northern Plains,MT,Y,-0.783714109,-1.8253303,1.458335,-0.66163407
1004694,SDRM-1020,2014,1,10/14/2014,PROB,43.54012,-97.82633,Temperate Plains,SD,Y,-1.719173392,-1.958005825,2.500059091,-0.996069706
1004697,WIRO-1051,2014,1,8/11/2014,PROB,45.05807,-87.74792,Upper Midwest,WI,Y,-0.996069706,-2.765751191,2.810690909,-0.251811973
1004705,WIR9-0919,2014,1,9/22/2014,PROB,42.65911,-90.80701,Upper Midwest,WI,Y,-0.449215928,-0.774637702,1.42425,0.024840034
1004769,MIS9-0923,2013,2,7/11/2013,PROB,42.5695,-84.5928,Upper Midwest,MI,N,-0.23793557,-0.893317165,0.42425,-0.123100173
1004770,VTS9-0917,2013,2,7/15/2013,PROB,44.62931,-72.03325,Northern Appalachians,VT,N,-0.616511048,-0.257783661,0.060609091,-0.118537529
1004771,VTRS-1010,2013,1,7/22/2013,PROB,43.68427,-72.56365,Northern Appalachians,VT,Y,-0.337242168,-0.571061795,1.713105114,-0.121791662
1004772,MILS-1061,2013,1,7/24/2013,PROB,44.02062,-82.99066,Temperate Plains,MI,Y,-0.201914638,-1.570435257,0.272727273,-0.400662867
1004773,VTS9-0909,2013,2,7/31/2013,PROB,43.90351,-72.82532,Northern Appalachians,VT,N,-1.082351291,0.453620647,1.901559091,-0.347006883
1004774,ORLS-1095,2013,1,7/29/2013,PROB,45.2628,-118.3998,Western Mountains,OR,Y,-1.190134333,-0.560715344,2.445920779,-1.082351291
1004775,ORS9-0934,2013,1,7/30/2013,PROB,44.90149,-118.477,Western Mountains,OR,Y,-0.848268086,-0.594028591,0.045454545,-0.147353685
1004776,ORS9-0941,2013,1,7/31/2013,PROB,45.19313,-118.7041,Western Mountains,OR,Y,-0.570100974,-0.530358122,0.6667,-0.243087403
1004778,NCLS-1040,2013,1,8/5/2013,PROB,35.63323,-79.53602,Southern Appalachians,NC,Y,-0.206654167,-0.919127333,0.537895455,-0.274422455
1004779,NCS9-0923,2013,1,8/6/2013,PROB,35.67728,-78.15344,Southern Appalachians,NC,Y,-0.483885483,1.749196929,0.143181818,-0.29925696
1004780,NCRO-1014,2013,1,8/7/2013,PROB,35.93954,-78.57553,Southern Appalachians,NC,Y,-0.060934793,-1.228917254,1.750036364,-0.035033625
1004781,NCR9-0915,2013,1,8/14/2013,PROB,36.4717,-76.94345,Coastal Plains,NC,Y,-0.133712661,-1.714544049,0.33335,0.229809783
1004782,NCLS-1037,2013,1,8/15/2013,PROB,36.54382,-76.89025,Coastal Plains,NC,Y,0.088458266,,0.090913636,0.215024365
1004783,NCS9-0918,2013,1,8/18/2013,PROB,34.58249,-77.96322,Coastal Plains,NC,Y,-0.23793557,-2.845928415,1.926260649,-0.269805204
1004784,NCR9-0907,2013,1,8/22/2013,PROB,36.15021,-76.73789,Coastal Plains,NC,Y,-0.132371831,-0.544634202,1.954604545,0.061041021
1004785,NCS9-0917,2013,1,9/8/2013,PROB,35.04365,-80.46558,Southern Appalachians,NC,Y,-0.306193137,1.690162028,1.454609091,0.164352856
1004786,NCRM-1003,2013,1,9/12/2013,PROB,35.3187,-82.01725,Southern Appalachians,NC,Y,-0.093958964,-1.437616342,0.645044372,0.073301681
1004787,NCS9-0919,2013,1,9/13/2013,PROB,35.06057,-84.02452,Southern Appalachians,NC,Y,-0.06435535,-0.614573634,0.090913636,-0.097650919
1004788,NCRO-1013,2013,1,9/15/2013,PROB,35.71572,-81.84522,Southern Appalachians,NC,Y,,,,
1004789,NCLS-1039,2013,1,9/16/2013,PROB,36.2739,-81.87096,Southern Appalachians,NC,Y,0.026236032,-0.2605838,1.471170346,0.007728386
1004790,NCS9-0926,2013,1,9/17/2013,PROB,35.8788,-82.0796,Southern Appalachians,NC,Y,-0.302612127,-0.599103701,2.816090909,-0.184965913
1004792,NCS9-0918,2013,2,9/22/2013,PROB,34.58249,-77.96322,Coastal Plains,NC,N,0.04085397,-3.026859867,2.251144805,0.008212927
1004793,NCS9-0925,2013,1,9/23/2013,PROB,34.53497,-78.82338,Coastal Plains,NC,Y,,,,
1004794,NCS9-0917,2013,2,9/24/2013,PROB,35.04365,-80.46558,Southern Appalachians,NC,N,-0.075955785,1.43940902,2.166731818,0.164352856
1004795,NCSS-1088,2013,1,9/25/2013,PROB,35.3521,-81.32958,Southern Appalachians,NC,Y,-0.075955785,-1.601232535,2.477318182,-0.022380305
1004796,KYSS-1082,2013,1,9/26/2013,PROB,36.51107,-88.67582,Coastal Plains,KY,Y,-0.116338565,-1.678035966,1.227309091,0.038150322
1004797,NCR9-0915,2013,2,9/26/2013,PROB,36.4717,-76.94345,Coastal Plains,NC,N,-0.059800568,-1.593746933,0.848527273,0.092066383
1004802,TXRF-0006,2014,1,5/12/2014,HAND,34.93536,-100.6965,Southern Plains,TX,Y,-0.808396576,-2.531410113,1.583340909,-0.363785732
1004803,NERF-0001,2014,1,5/20/2014,HAND,42.62422,-103.7173,Southern Plains,NE,Y,-0.108918921,-1.565998325,1,-0.262518213
1004804,NERF-0003,2014,1,5/20/2014,HAND,42.76533,-103.927,Southern Plains,ND,Y,0.057596954,-2.726121616,0.613640909,-0.098269308
1004805,NERF-0004,2014,1,5/21/2014,HAND,42.69775,-103.5673,Southern Plains,NE,Y,-0.183457421,-1.809040697,0.393945455,-0.232844134
1004806,NERF-0002,2014,1,5/22/2014,HAND,41.85688,-101.0982,Southern Plains,NE,Y,-0.045319031,-1.399624278,0.954545455,-0.281913705
1004807,KYRO-1030,2014,1,5/27/2014,PROB,37.7732,-82.32324,Southern Appalachians,KY,Y,-0.55923399,-1.502807915,2.015209091,-0.133712661
1004808,NMR9-0905,2014,1,5/28/2014,PROB,36.70793,-108.2114,Xeric,NM,Y,-0.749136614,-1.506902509,0.340913636,-0.027607794
1004809,KYR9-0902,2014,1,5/29/2014,PROB,37.62117,-83.49986,Southern Appalachians,KY,Y,-0.160008028,-0.030978925,0.765154545,-0.038255409
1004810,NMS9-0920,2014,2,5/30/2014,PROB,36.1106,-105.7319,Western Mountains,NM,N,-0.469102078,-0.898327158,2.265181818,-0.168653858
1004811,MNLS-1092,2014,1,6/3/2014,PROB,46.97237,-95.05589,Upper Midwest,MN,Y,-0.877039828,0.301663333,0.387145788,-0.074781698
1004812,KYR9-0903,2014,1,6/4/2014,PROB,37.9815,-86.03399,Southern Appalachians,KY,Y,-1.175105345,-0.940305691,0.750004545,0.020154032
1004813,MNR9-0915,2014,1,6/4/2014,PROB,47.2731,-93.78416,Upper Midwest,MN,Y,-1.039767127,-1.577325142,0,-2
1004814,MNRO-1049,2014,1,6/10/2014,PROB,47.89306,-96.32799,Temperate Plains,MN,Y,-0.710978911,0.530493697,0,0.093660418
1004815,OKRF-0005,2014,1,6/12/2014,HAND,35.77732,-96.32553,Southern Plains,OK,Y,-0.83456681,-1.257465257,1.325763636,-0.424917171
1004816,NMRO-1025,2014,1,6/15/2014,PROB,36.97114,-103.3905,Southern Plains,NM,Y,-0.711994806,-1.451706777,1.015195455,-0.766081332
1004817,OHR9-0901,2014,1,6/16/2014,PROB,39.30982,-82.9643,Southern Appalachians,OH,Y,-0.29788292,-0.946437766,0.818204545,0.041302946
1004818,NMR9-0905,2014,2,6/16/2014,PROB,36.70793,-108.2114,Xeric,NM,N,-0.941022138,-1.537679444,0.068181818,-0.151530964
1004819,MIR9-0903,2014,1,6/16/2014,PROB,42.06127,-86.4237,Upper Midwest,MI,Y,-0.577499695,-1.216605448,1.909131818,0.07371835
1004820,NMSS-1076,2014,1,6/17/2014,PROB,36.78769,-108.0619,Xeric,NM,Y,-0.860980051,0.650303081,0.5,-0.337242168
1004821,OHRM-1003,2014,1,6/17/2014,PROB,39.41065,-82.98479,Temperate Plains,OH,Y,-0.147353685,0.02082319,1.333377273,-0.02655725
1004822,MIRM-1003,2014,1,6/17/2014,PROB,41.85574,-86.26981,Upper Midwest,MI,Y,-0.438248312,-0.135939091,1.197004545,0.105432763
1004823,OHR9-0906,2014,1,6/18/2014,PROB,38.82668,-83.01769,Southern Appalachians,OH,Y,-0.273495069,-1.144866306,0.484863636,-0.031835566
1004824,MNR9-0906,2014,1,6/18/2014,PROB,46.98702,-92.8115,Upper Midwest,MN,Y,-0.624752178,-2.189739375,0.242431818,-0.089690978
1004825,MNRO-1054,2014,1,6/19/2014,PROB,46.87467,-92.76754,Upper Midwest,MN,Y,-0.996069706,-2.633275113,0.106063636,-0.148741651
1004827,ORRM-1002,2014,1,6/18/2014,PROB,44.73944,-120.3283,Western Mountains,OR,Y,-0.869666232,0.022953324,1.527833333,-0.179087345
1004829,COR9-0902,2014,1,7/10/2014,PROB,38.86531,-108.3981,Xeric,CO,Y,-0.628932138,0.137836918,0.348486364,-0.263422428
1004830,COR9-0906,2014,1,7/14/2014,PROB,40.39451,-103.4773,Southern Plains,CO,Y,-0.46046771,-0.686585672,0.33335,-0.132371831
1004831,MILS-1055,2014,1,7/14/2014,PROB,42.75546,-82.49398,Temperate Plains,MI,Y,-0.8436528,-1.962006755,2.121240909,-0.176733305
1004832,COSS-1107,2014,1,7/15/2014,PROB,40.41411,-104.9937,Southern Plains,CO,Y,-0.45480538,-1.22897486,3.354144258,-0.877039828
1004833,MIR9-0910,2014,1,7/15/2014,PROB,43.00436,-82.52504,Temperate Plains,MI,Y,-1.22184875,-0.950998505,1.333354545,-0.226147093
1004834,MORF-0006,2014,1,7/16/2014,HAND,37.87099,-91.92957,Southern Appalachians,MO,Y,-0.00656377,-0.431883208,0.590909091,0.07371835
1004835,MIR9-0903,2014,2,7/16/2014,PROB,42.06127,-86.4237,Upper Midwest,MI,N,-0.310206977,-0.81536493,3.151568182,-0.005063269
1004836,MNS9-0928,2014,1,7/16/2014,PROB,47.89336,-94.39085,Upper Midwest,MN,Y,-1.22184875,-2.099293529,0.095242857,-1.047956452
1004837,MNSS-1173,2014,1,7/17/2014,PROB,48.18084,-94.31649,Upper Midwest,MN,Y,-1.037071311,-1.859682578,0,-1.428608832
1004838,MORF-0001,2014,1,7/17/2014,HAND,37.7808,-91.01934,Southern Appalachians,KS,Y,0.061041021,0.099834185,0.257577273,0.001379652
1004840,MNLS-1095,2014,1,7/22/2014,PROB,47.76298,-95.40422,Upper Midwest,MN,Y,-0.920818754,-0.817609013,0.613663636,-0.635278493
1004841,MNSS-1170,2014,1,7/24/2014,PROB,46.91546,-94.04217,Upper Midwest,MN,Y,-0.821284597,-2.765926333,0,-0.195674667
1004843,MIRM-1002,2014,1,7/28/2014,PROB,46.84373,-89.33006,Upper Midwest,MI,Y,-0.711994806,-1.455280081,0.189395455,-0.234534655
1004844,MIRO-1023,2014,1,7/29/2014,PROB,46.02032,-87.2771,Upper Midwest,MI,Y,-0.30819542,1.974060312,0.168111255,-0.858835384
1004845,KSRF-0001,2014,1,7/30/2014,HAND,37.7133,-96.21427,Temperate Plains,KS,Y,-0.562826189,-0.11597534,0,-0.091514981
1004846,MIRO-1019,2014,1,7/30/2014,PROB,46.01943,-86.22127,Upper Midwest,MI,Y,-0.604435354,-0.84008651,0.030304545,-0.518296847
1004847,MNR9-0902,2014,1,7/31/2014,PROB,48.48513,-93.72216,Upper Midwest,MN,Y,-0.26071541,-2.21384856,0.628813636,0.110819192
1004848,IARO-1015,2014,1,7/30/2014,PROB,41.58195,-91.09258,Temperate Plains,IA,Y,-0.722286625,-1.126146504,0.713588528,-0.073026498
1004849,IARM-1001,2014,1,7/31/2014,PROB,42.50707,-90.64463,Upper Midwest,IA,Y,-1.132907664,,2.151559091,-0.338316358
1004850,IAR9-0902,2014,1,8/3/2014,PROB,41.00446,-91.66528,Temperate Plains,IA,Y,-0.892173573,-1.273620897,0.621236364,-0.027082204
1004851,IAR9-0909,2014,1,8/4/2014,PROB,42.13068,-90.3565,Upper Midwest,IA,Y,-0.869666232,-1.405015049,0.651545455,-0.309200034
1004852,MNR9-0917,2014,1,8/5/2014,PROB,47.25508,-96.20332,Temperate Plains,MN,Y,-0.576754126,-0.517174452,0.060609091,-0.121791662
1004853,IAR9-0903,2014,1,8/5/2014,PROB,42.202,-90.33231,Upper Midwest,IA,Y,-1.22184875,,0.287886364,-0.090298128
1004854,KYR9-0901,2014,1,8/6/2014,PROB,37.7814,-88.03819,Temperate Plains,KY,Y,-0.717110229,-1.676739308,0.7879,-0.029188389
1004855,MNRM-1001,2014,1,8/7/2014,PROB,46.76493,-96.77698,Temperate Plains,MN,Y,-0.771879741,-2.606515405,0.245387165,0.095248624
1004856,KYR9-0904,2014,1,8/7/2014,PROB,37.4704,-88.09642,Temperate Plains,KY,Y,-0.577499695,0.41607655,1.007595455,0.069953856
1004857,IALS-1053,2014,1,8/10/2014,PROB,43.14558,-91.18244,Upper Midwest,IA,Y,-0.463326801,-2.732152925,0.060609091,-0.097650919
1004858,MNS9-0928,2014,2,8/12/2014,PROB,47.89336,-94.39085,Upper Midwest,MN,N,-0.81479278,-1.695167529,0.33335,-2
1004859,MNS9-0930,2014,1,8/13/2014,PROB,46.33408,-94.01817,Upper Midwest,MN,Y,-0.374173287,-0.944084468,0,0.052379096
1004860,WYRO-1037,2014,1,8/14/2014,PROB,44.31316,-108.7222,Xeric,WY,Y,-0.958607315,-0.336001632,0.757613636,-0.637414722
1004861,KYRM-1004,2014,1,8/18/2014,PROB,36.68796,-85.49951,Southern Appalachians,KY,Y,0.001379652,-2.370882412,0.303040909,0.059752694
1004862,MNR9-0902,2014,2,8/19/2014,PROB,48.48513,-93.72216,Upper Midwest,MN,N,-1.160579093,-2.171838485,0.752908874,0.117647863
1004863,MNR9-0909,2014,1,8/20/2014,PROB,48.70306,-94.3357,Upper Midwest,MN,Y,-0.524857311,-1.380400581,2.136463636,0.132339751
1004864,ORRO-1066,2014,1,8/20/2014,PROB,45.22943,-121.0757,Xeric,OR,Y,-0.399423087,2.186104483,1.257627273,-0.210643672
1004866,MNRM-1009,2014,1,8/21/2014,PROB,48.75611,-97.15478,Temperate Plains,MN,Y,-1.626419331,-2.036915852,0.348495455,-0.529843525
1004867,MIR9-0902,2014,1,8/22/2014,PROB,42.5523,-82.58846,Temperate Plains,MI,Y,-1.301029996,-1.510608651,3.287904545,-0.735504156
1004868,COSS-1115,2014,1,8/26/2014,PROB,40.50289,-105.9233,Western Mountains,CO,Y,-0.449215928,-0.766584422,0,0.040404529
1004869,CORO-1033,2014,1,8/25/2014,PROB,40.34537,-104.8756,Southern Plains,CO,Y,-0.759223907,-1.106616356,0.765186364,-0.273495069
1004870,WYSS-1209,2014,1,8/24/2014,PROB,42.13951,-105.6487,Western Mountains,WY,Y,-0.463326801,-2.849402072,1.000009091,-0.387216143
1004871,MNSS-1172,2014,1,8/27/2014,PROB,47.8959,-90.78157,Upper Midwest,MN,Y,-1.022276395,0.42837551,0,0.155818932
1004872,MNLS-1093,2014,1,8/28/2014,PROB,47.88967,-90.79713,Upper Midwest,MN,Y,-0.771879741,-2.270357547,0,0.211399686
1004873,CTR9-0903,2014,1,9/1/2014,PROB,41.54059,-72.55126,Northern Appalachians,CT,Y,-1.626419331,-0.890342627,3.734909091,-0.243087403
1004874,CTRM-1001,2014,1,9/1/2014,PROB,41.48485,-72.50888,Northern Appalachians,CT,Y,-1.106894235,-0.728171699,3.090990909,-0.155042988
1004875,WYR9-0901,2014,2,9/7/2014,PROB,42.85202,-106.1859,Northern Plains,WY,N,-1.082351291,0.272696899,0.734877273,-0.227811696
1004876,ORR9-0909,2014,1,9/17/2014,PROB,45.57558,-116.4875,Western Mountains,OR,Y,-0.743632175,-0.308429769,0.090913636,-0.322475999
1004951,RILS-1029,2014,1,6/23/2014,PROB,41.58105,-71.72228,Northern Appalachians,RI,Y,0.039053409,-1.041037009,0.431818182,0.295017012
1004952,SDRF-0001,2014,1,6/23/2014,HAND,45.46337,-97.04395,Temperate Plains,SD,Y,-0.677780705,-1.051238367,0.750027273,0.254668899
1004953,VTR9-0904,2014,2,6/23/2014,PROB,43.79749,-72.5009,Northern Appalachians,VT,N,-0.996069706,0.239832524,2.075036603,0.144291095
1004954,IARF-0001,2014,1,6/24/2014,HAND,42.11479,-93.56017,Temperate Plains,IA,Y,-0.087874604,-2.155154351,0.515163636,0.079920891
1004955,MNRM-1005,2014,1,6/24/2014,PROB,47.15132,-96.84095,Temperate Plains,MN,Y,-0.302216053,-1.997895665,1.088701602,-0.110825675
1004956,KSRF-0007,2014,1,6/26/2014,HAND,39.08611,-95.29009,Temperate Plains,KS,Y,-0.086667894,-1.165362533,0,0.214723462
1004957,MIRO-1024,2014,1,6/25/2014,PROB,43.01838,-85.31226,Upper Midwest,MI,Y,-0.677780705,0.695127658,0.060609091,0.01206992
1004958,OHR9-0901,2014,2,6/30/2014,PROB,39.30982,-82.9643,Southern Appalachians,OH,N,-0.68250648,-0.668943852,1.098504545,0.049306142
